Date,Series,Value
2017-01-01,Article Count,2
2017-01-01,Total Monitored Articles,427906
2017-01-02,Article Count,0
2017-01-02,Total Monitored Articles,592774
2017-01-03,Article Count,1
2017-01-03,Total Monitored Articles,757916
2017-01-04,Article Count,20
2017-01-04,Total Monitored Articles,822862
2017-01-05,Article Count,10
2017-01-05,Total Monitored Articles,830028
2017-01-06,Article Count,4
2017-01-06,Total Monitored Articles,766969
2017-01-07,Article Count,0
2017-01-07,Total Monitored Articles,520691
2017-01-08,Article Count,3
2017-01-08,Total Monitored Articles,488784
2017-01-09,Article Count,6
2017-01-09,Total Monitored Articles,813487
2017-01-10,Article Count,6
2017-01-10,Total Monitored Articles,884856
2017-01-11,Article Count,1
2017-01-11,Total Monitored Articles,879968
2017-01-12,Article Count,3
2017-01-12,Total Monitored Articles,873198
2017-01-13,Article Count,0
2017-01-13,Total Monitored Articles,847105
2017-01-14,Article Count,0
2017-01-14,Total Monitored Articles,538257
2017-01-15,Article Count,0
2017-01-15,Total Monitored Articles,485270
2017-01-16,Article Count,0
2017-01-16,Total Monitored Articles,778396
2017-01-17,Article Count,0
2017-01-17,Total Monitored Articles,872725
2017-01-18,Article Count,3
2017-01-18,Total Monitored Articles,903497
2017-01-19,Article Count,0
2017-01-19,Total Monitored Articles,897136
2017-01-20,Article Count,0
2017-01-20,Total Monitored Articles,840244
2017-01-21,Article Count,2
2017-01-21,Total Monitored Articles,542714
2017-01-22,Article Count,0
2017-01-22,Total Monitored Articles,507306
2017-01-23,Article Count,28
2017-01-23,Total Monitored Articles,816816
2017-01-24,Article Count,5
2017-01-24,Total Monitored Articles,882520
2017-01-25,Article Count,2
2017-01-25,Total Monitored Articles,888646
2017-01-26,Article Count,0
2017-01-26,Total Monitored Articles,850165
2017-01-27,Article Count,1
2017-01-27,Total Monitored Articles,814253
2017-01-28,Article Count,0
2017-01-28,Total Monitored Articles,540104
2017-01-29,Article Count,0
2017-01-29,Total Monitored Articles,492134
2017-01-30,Article Count,0
2017-01-30,Total Monitored Articles,800343
2017-01-31,Article Count,1
2017-01-31,Total Monitored Articles,866957
2017-02-01,Article Count,11
2017-02-01,Total Monitored Articles,877514
2017-02-02,Article Count,4
2017-02-02,Total Monitored Articles,878535
2017-02-03,Article Count,11
2017-02-03,Total Monitored Articles,849054
2017-02-04,Article Count,1
2017-02-04,Total Monitored Articles,547610
2017-02-05,Article Count,1
2017-02-05,Total Monitored Articles,489387
2017-02-06,Article Count,8
2017-02-06,Total Monitored Articles,810397
2017-02-07,Article Count,7
2017-02-07,Total Monitored Articles,886593
2017-02-08,Article Count,4
2017-02-08,Total Monitored Articles,908408
2017-02-09,Article Count,2
2017-02-09,Total Monitored Articles,895654
2017-02-10,Article Count,0
2017-02-10,Total Monitored Articles,851022
2017-02-11,Article Count,0
2017-02-11,Total Monitored Articles,535178
2017-02-12,Article Count,3
2017-02-12,Total Monitored Articles,501551
2017-02-13,Article Count,2
2017-02-13,Total Monitored Articles,828201
2017-02-14,Article Count,3
2017-02-14,Total Monitored Articles,888105
2017-02-15,Article Count,0
2017-02-15,Total Monitored Articles,902442
2017-02-16,Article Count,0
2017-02-16,Total Monitored Articles,899621
2017-02-17,Article Count,1
2017-02-17,Total Monitored Articles,845037
2017-02-18,Article Count,200
2017-02-18,Total Monitored Articles,546303
2017-02-19,Article Count,189
2017-02-19,Total Monitored Articles,492129
2017-02-20,Article Count,59
2017-02-20,Total Monitored Articles,770453
2017-02-21,Article Count,13
2017-02-21,Total Monitored Articles,863510
2017-02-22,Article Count,12
2017-02-22,Total Monitored Articles,896676
2017-02-23,Article Count,7
2017-02-23,Total Monitored Articles,882237
2017-02-24,Article Count,13
2017-02-24,Total Monitored Articles,831927
2017-02-25,Article Count,114
2017-02-25,Total Monitored Articles,537968
2017-02-26,Article Count,6
2017-02-26,Total Monitored Articles,490789
2017-02-27,Article Count,1
2017-02-27,Total Monitored Articles,801362
2017-02-28,Article Count,0
2017-02-28,Total Monitored Articles,845987
2017-03-01,Article Count,1
2017-03-01,Total Monitored Articles,891852
2017-03-02,Article Count,1
2017-03-02,Total Monitored Articles,884489
2017-03-03,Article Count,4
2017-03-03,Total Monitored Articles,826318
2017-03-04,Article Count,8
2017-03-04,Total Monitored Articles,534735
2017-03-05,Article Count,0
2017-03-05,Total Monitored Articles,482946
2017-03-06,Article Count,1
2017-03-06,Total Monitored Articles,814270
2017-03-07,Article Count,2
2017-03-07,Total Monitored Articles,877288
2017-03-08,Article Count,5
2017-03-08,Total Monitored Articles,875771
2017-03-09,Article Count,15
2017-03-09,Total Monitored Articles,884687
2017-03-10,Article Count,2
2017-03-10,Total Monitored Articles,841988
2017-03-11,Article Count,0
2017-03-11,Total Monitored Articles,532499
2017-03-12,Article Count,3
2017-03-12,Total Monitored Articles,478177
2017-03-13,Article Count,0
2017-03-13,Total Monitored Articles,774347
2017-03-14,Article Count,1
2017-03-14,Total Monitored Articles,846836
2017-03-15,Article Count,0
2017-03-15,Total Monitored Articles,856685
2017-03-16,Article Count,3
2017-03-16,Total Monitored Articles,892032
2017-03-17,Article Count,9
2017-03-17,Total Monitored Articles,824348
2017-03-18,Article Count,1
2017-03-18,Total Monitored Articles,504221
2017-03-19,Article Count,1
2017-03-19,Total Monitored Articles,447313
2017-03-20,Article Count,2
2017-03-20,Total Monitored Articles,722253
2017-03-21,Article Count,1
2017-03-21,Total Monitored Articles,817880
2017-03-22,Article Count,1
2017-03-22,Total Monitored Articles,810708
2017-03-23,Article Count,3
2017-03-23,Total Monitored Articles,773991
2017-03-24,Article Count,24
2017-03-24,Total Monitored Articles,763095
2017-03-25,Article Count,6
2017-03-25,Total Monitored Articles,488516
2017-03-26,Article Count,2
2017-03-26,Total Monitored Articles,451618
2017-03-27,Article Count,3
2017-03-27,Total Monitored Articles,715700
2017-03-28,Article Count,0
2017-03-28,Total Monitored Articles,813645
2017-03-29,Article Count,0
2017-03-29,Total Monitored Articles,862935
2017-03-30,Article Count,4
2017-03-30,Total Monitored Articles,849617
2017-03-31,Article Count,1
2017-03-31,Total Monitored Articles,802523
2017-04-01,Article Count,0
2017-04-01,Total Monitored Articles,492104
2017-04-02,Article Count,0
2017-04-02,Total Monitored Articles,451222
2017-04-03,Article Count,0
2017-04-03,Total Monitored Articles,752077
2017-04-04,Article Count,0
2017-04-04,Total Monitored Articles,803101
2017-04-05,Article Count,6
2017-04-05,Total Monitored Articles,828653
2017-04-06,Article Count,2
2017-04-06,Total Monitored Articles,806340
2017-04-07,Article Count,1
2017-04-07,Total Monitored Articles,812309
2017-04-08,Article Count,1
2017-04-08,Total Monitored Articles,498778
2017-04-09,Article Count,0
2017-04-09,Total Monitored Articles,465133
2017-04-10,Article Count,0
2017-04-10,Total Monitored Articles,760184
2017-04-11,Article Count,1
2017-04-11,Total Monitored Articles,823150
2017-04-12,Article Count,2
2017-04-12,Total Monitored Articles,818751
2017-04-13,Article Count,4
2017-04-13,Total Monitored Articles,804729
2017-04-14,Article Count,12
2017-04-14,Total Monitored Articles,604707
2017-04-15,Article Count,5
2017-04-15,Total Monitored Articles,466894
2017-04-16,Article Count,1
2017-04-16,Total Monitored Articles,433510
2017-04-17,Article Count,3
2017-04-17,Total Monitored Articles,638778
2017-04-18,Article Count,1
2017-04-18,Total Monitored Articles,784482
2017-04-19,Article Count,1
2017-04-19,Total Monitored Articles,747158
2017-04-20,Article Count,6
2017-04-20,Total Monitored Articles,796608
2017-04-21,Article Count,0
2017-04-21,Total Monitored Articles,772343
2017-04-22,Article Count,0
2017-04-22,Total Monitored Articles,457279
2017-04-23,Article Count,0
2017-04-23,Total Monitored Articles,433977
2017-04-24,Article Count,3
2017-04-24,Total Monitored Articles,712864
2017-04-25,Article Count,86
2017-04-25,Total Monitored Articles,802345
2017-04-26,Article Count,60
2017-04-26,Total Monitored Articles,796260
2017-04-27,Article Count,1
2017-04-27,Total Monitored Articles,825698
2017-04-28,Article Count,4
2017-04-28,Total Monitored Articles,752542
2017-04-29,Article Count,2
2017-04-29,Total Monitored Articles,493023
2017-04-30,Article Count,99
2017-04-30,Total Monitored Articles,427499
2017-05-01,Article Count,8
2017-05-01,Total Monitored Articles,600759
2017-05-02,Article Count,3
2017-05-02,Total Monitored Articles,713808
2017-05-03,Article Count,1
2017-05-03,Total Monitored Articles,776343
2017-05-04,Article Count,1
2017-05-04,Total Monitored Articles,683863
2017-05-05,Article Count,2
2017-05-05,Total Monitored Articles,630955
2017-05-06,Article Count,0
2017-05-06,Total Monitored Articles,455760
2017-05-07,Article Count,3
2017-05-07,Total Monitored Articles,426317
2017-05-08,Article Count,4
2017-05-08,Total Monitored Articles,679107
2017-05-09,Article Count,0
2017-05-09,Total Monitored Articles,708355
2017-05-10,Article Count,3
2017-05-10,Total Monitored Articles,728743
2017-05-11,Article Count,6
2017-05-11,Total Monitored Articles,715973
2017-05-12,Article Count,2
2017-05-12,Total Monitored Articles,716059
2017-05-13,Article Count,1
2017-05-13,Total Monitored Articles,462677
2017-05-14,Article Count,1
2017-05-14,Total Monitored Articles,421261
2017-05-15,Article Count,0
2017-05-15,Total Monitored Articles,692695
2017-05-16,Article Count,6
2017-05-16,Total Monitored Articles,744883
2017-05-17,Article Count,1
2017-05-17,Total Monitored Articles,751132
2017-05-18,Article Count,24
2017-05-18,Total Monitored Articles,810482
2017-05-19,Article Count,0
2017-05-19,Total Monitored Articles,750116
2017-05-20,Article Count,0
2017-05-20,Total Monitored Articles,473050
2017-05-21,Article Count,0
2017-05-21,Total Monitored Articles,397009
2017-05-22,Article Count,0
2017-05-22,Total Monitored Articles,703101
2017-05-23,Article Count,18
2017-05-23,Total Monitored Articles,773334
2017-05-24,Article Count,0
2017-05-24,Total Monitored Articles,720427
2017-05-25,Article Count,6
2017-05-25,Total Monitored Articles,727556
2017-05-26,Article Count,1
2017-05-26,Total Monitored Articles,712604
2017-05-27,Article Count,0
2017-05-27,Total Monitored Articles,489464
2017-05-28,Article Count,1
2017-05-28,Total Monitored Articles,448928
2017-05-29,Article Count,2
2017-05-29,Total Monitored Articles,605486
2017-05-30,Article Count,0
2017-05-30,Total Monitored Articles,661069
2017-05-31,Article Count,2
2017-05-31,Total Monitored Articles,745257
2017-06-01,Article Count,0
2017-06-01,Total Monitored Articles,744295
2017-06-02,Article Count,2
2017-06-02,Total Monitored Articles,724843
2017-06-03,Article Count,3
2017-06-03,Total Monitored Articles,451564
2017-06-04,Article Count,0
2017-06-04,Total Monitored Articles,429682
2017-06-05,Article Count,73
2017-06-05,Total Monitored Articles,703607
2017-06-06,Article Count,0
2017-06-06,Total Monitored Articles,736228
2017-06-07,Article Count,2
2017-06-07,Total Monitored Articles,735573
2017-06-08,Article Count,7
2017-06-08,Total Monitored Articles,768985
2017-06-09,Article Count,1
2017-06-09,Total Monitored Articles,770400
2017-06-10,Article Count,1
2017-06-10,Total Monitored Articles,434080
2017-06-11,Article Count,0
2017-06-11,Total Monitored Articles,430541
2017-06-12,Article Count,2
2017-06-12,Total Monitored Articles,680435
2017-06-13,Article Count,17
2017-06-13,Total Monitored Articles,735151
2017-06-14,Article Count,2
2017-06-14,Total Monitored Articles,788289
2017-06-15,Article Count,6
2017-06-15,Total Monitored Articles,762286
2017-06-16,Article Count,5
2017-06-16,Total Monitored Articles,716460
2017-06-17,Article Count,0
2017-06-17,Total Monitored Articles,440916
2017-06-18,Article Count,0
2017-06-18,Total Monitored Articles,439922
2017-06-19,Article Count,13
2017-06-19,Total Monitored Articles,689443
2017-06-20,Article Count,7
2017-06-20,Total Monitored Articles,712433
2017-06-21,Article Count,127
2017-06-21,Total Monitored Articles,760797
2017-06-22,Article Count,4
2017-06-22,Total Monitored Articles,711096
2017-06-23,Article Count,5
2017-06-23,Total Monitored Articles,658889
2017-06-24,Article Count,2
2017-06-24,Total Monitored Articles,467374
2017-06-25,Article Count,4
2017-06-25,Total Monitored Articles,372431
2017-06-26,Article Count,0
2017-06-26,Total Monitored Articles,603267
2017-06-27,Article Count,1
2017-06-27,Total Monitored Articles,576105
2017-06-28,Article Count,5
2017-06-28,Total Monitored Articles,617148
2017-06-29,Article Count,9
2017-06-29,Total Monitored Articles,564835
2017-06-30,Article Count,14
2017-06-30,Total Monitored Articles,585683
2017-07-01,Article Count,0
2017-07-01,Total Monitored Articles,396436
2017-07-02,Article Count,3
2017-07-02,Total Monitored Articles,371913
2017-07-03,Article Count,0
2017-07-03,Total Monitored Articles,556226
2017-07-04,Article Count,1
2017-07-04,Total Monitored Articles,540275
2017-07-05,Article Count,5
2017-07-05,Total Monitored Articles,528369
2017-07-06,Article Count,2
2017-07-06,Total Monitored Articles,595517
2017-07-07,Article Count,2
2017-07-07,Total Monitored Articles,566311
2017-07-08,Article Count,0
2017-07-08,Total Monitored Articles,403913
2017-07-09,Article Count,2
2017-07-09,Total Monitored Articles,376723
2017-07-10,Article Count,3
2017-07-10,Total Monitored Articles,552863
2017-07-11,Article Count,0
2017-07-11,Total Monitored Articles,610662
2017-07-12,Article Count,5
2017-07-12,Total Monitored Articles,628745
2017-07-13,Article Count,1
2017-07-13,Total Monitored Articles,582384
2017-07-14,Article Count,1
2017-07-14,Total Monitored Articles,559190
2017-07-15,Article Count,4
2017-07-15,Total Monitored Articles,375192
2017-07-16,Article Count,0
2017-07-16,Total Monitored Articles,341556
2017-07-17,Article Count,0
2017-07-17,Total Monitored Articles,559265
2017-07-18,Article Count,0
2017-07-18,Total Monitored Articles,580912
2017-07-19,Article Count,1
2017-07-19,Total Monitored Articles,630581
2017-07-20,Article Count,4
2017-07-20,Total Monitored Articles,584050
2017-07-21,Article Count,1
2017-07-21,Total Monitored Articles,553851
2017-07-22,Article Count,0
2017-07-22,Total Monitored Articles,402609
2017-07-23,Article Count,2
2017-07-23,Total Monitored Articles,355763
2017-07-24,Article Count,2
2017-07-24,Total Monitored Articles,591647
2017-07-25,Article Count,1
2017-07-25,Total Monitored Articles,649693
2017-07-26,Article Count,0
2017-07-26,Total Monitored Articles,607441
2017-07-27,Article Count,0
2017-07-27,Total Monitored Articles,622922
2017-07-28,Article Count,7
2017-07-28,Total Monitored Articles,607879
2017-07-29,Article Count,0
2017-07-29,Total Monitored Articles,438089
2017-07-30,Article Count,2
2017-07-30,Total Monitored Articles,399877
2017-07-31,Article Count,5
2017-07-31,Total Monitored Articles,630566
2017-08-01,Article Count,4
2017-08-01,Total Monitored Articles,645817
2017-08-02,Article Count,1
2017-08-02,Total Monitored Articles,690524
2017-08-03,Article Count,5
2017-08-03,Total Monitored Articles,638560
2017-08-04,Article Count,4
2017-08-04,Total Monitored Articles,635373
2017-08-05,Article Count,0
2017-08-05,Total Monitored Articles,397022
2017-08-06,Article Count,0
2017-08-06,Total Monitored Articles,361365
2017-08-07,Article Count,1
2017-08-07,Total Monitored Articles,616868
2017-08-08,Article Count,2
2017-08-08,Total Monitored Articles,644359
2017-08-09,Article Count,1
2017-08-09,Total Monitored Articles,649714
2017-08-10,Article Count,1
2017-08-10,Total Monitored Articles,577925
2017-08-11,Article Count,14
2017-08-11,Total Monitored Articles,577369
2017-08-12,Article Count,0
2017-08-12,Total Monitored Articles,407685
2017-08-13,Article Count,0
2017-08-13,Total Monitored Articles,361785
2017-08-14,Article Count,1
2017-08-14,Total Monitored Articles,560000
2017-08-15,Article Count,2
2017-08-15,Total Monitored Articles,640227
2017-08-16,Article Count,4
2017-08-16,Total Monitored Articles,639190
2017-08-17,Article Count,4
2017-08-17,Total Monitored Articles,658802
2017-08-18,Article Count,2
2017-08-18,Total Monitored Articles,570503
2017-08-19,Article Count,0
2017-08-19,Total Monitored Articles,422148
2017-08-20,Article Count,0
2017-08-20,Total Monitored Articles,369867
2017-08-21,Article Count,3
2017-08-21,Total Monitored Articles,597743
2017-08-22,Article Count,1
2017-08-22,Total Monitored Articles,611343
2017-08-23,Article Count,1
2017-08-23,Total Monitored Articles,650017
2017-08-24,Article Count,1
2017-08-24,Total Monitored Articles,265654
2017-08-25,Article Count,2
2017-08-25,Total Monitored Articles,538796
2017-08-26,Article Count,0
2017-08-26,Total Monitored Articles,435928
2017-08-27,Article Count,0
2017-08-27,Total Monitored Articles,383250
2017-08-28,Article Count,0
2017-08-28,Total Monitored Articles,390043
2017-08-29,Article Count,1
2017-08-29,Total Monitored Articles,670206
2017-08-30,Article Count,1
2017-08-30,Total Monitored Articles,682102
2017-08-31,Article Count,0
2017-08-31,Total Monitored Articles,587787
2017-09-01,Article Count,0
2017-09-01,Total Monitored Articles,579761
2017-09-02,Article Count,0
2017-09-02,Total Monitored Articles,417828
2017-09-03,Article Count,0
2017-09-03,Total Monitored Articles,375844
2017-09-04,Article Count,0
2017-09-04,Total Monitored Articles,537094
2017-09-05,Article Count,0
2017-09-05,Total Monitored Articles,610794
2017-09-06,Article Count,0
2017-09-06,Total Monitored Articles,683987
2017-09-07,Article Count,5
2017-09-07,Total Monitored Articles,668171
2017-09-08,Article Count,1
2017-09-08,Total Monitored Articles,647998
2017-09-09,Article Count,0
2017-09-09,Total Monitored Articles,429960
2017-09-10,Article Count,4
2017-09-10,Total Monitored Articles,411500
2017-09-11,Article Count,4
2017-09-11,Total Monitored Articles,643116
2017-09-12,Article Count,0
2017-09-12,Total Monitored Articles,698020
2017-09-13,Article Count,6
2017-09-13,Total Monitored Articles,679735
2017-09-14,Article Count,3
2017-09-14,Total Monitored Articles,684334
2017-09-15,Article Count,0
2017-09-15,Total Monitored Articles,568382
2017-09-16,Article Count,0
2017-09-16,Total Monitored Articles,408913
2017-09-17,Article Count,0
2017-09-17,Total Monitored Articles,402122
2017-09-18,Article Count,3
2017-09-18,Total Monitored Articles,626067
2017-09-19,Article Count,2
2017-09-19,Total Monitored Articles,676489
2017-09-20,Article Count,2
2017-09-20,Total Monitored Articles,698366
2017-09-21,Article Count,0
2017-09-21,Total Monitored Articles,697649
2017-09-22,Article Count,6
2017-09-22,Total Monitored Articles,605271
2017-09-23,Article Count,0
2017-09-23,Total Monitored Articles,443473
2017-09-24,Article Count,0
2017-09-24,Total Monitored Articles,384082
2017-09-25,Article Count,0
2017-09-25,Total Monitored Articles,651733
2017-09-26,Article Count,1
2017-09-26,Total Monitored Articles,652905
2017-09-27,Article Count,0
2017-09-27,Total Monitored Articles,622285
2017-09-28,Article Count,3
2017-09-28,Total Monitored Articles,652886
2017-09-29,Article Count,10
2017-09-29,Total Monitored Articles,597897
2017-09-30,Article Count,1
2017-09-30,Total Monitored Articles,387916
2017-10-01,Article Count,0
2017-10-01,Total Monitored Articles,348336
2017-10-02,Article Count,0
2017-10-02,Total Monitored Articles,580615
2017-10-03,Article Count,0
2017-10-03,Total Monitored Articles,657347
2017-10-04,Article Count,86
2017-10-04,Total Monitored Articles,589476
2017-10-05,Article Count,12
2017-10-05,Total Monitored Articles,655879
2017-10-06,Article Count,8
2017-10-06,Total Monitored Articles,575176
2017-10-07,Article Count,0
2017-10-07,Total Monitored Articles,415685
2017-10-08,Article Count,3
2017-10-08,Total Monitored Articles,387895
2017-10-09,Article Count,0
2017-10-09,Total Monitored Articles,641327
2017-10-10,Article Count,1
2017-10-10,Total Monitored Articles,635922
2017-10-11,Article Count,3
2017-10-11,Total Monitored Articles,675532
2017-10-12,Article Count,5
2017-10-12,Total Monitored Articles,684010
2017-10-13,Article Count,39
2017-10-13,Total Monitored Articles,661628
2017-10-14,Article Count,2
2017-10-14,Total Monitored Articles,415407
2017-10-15,Article Count,0
2017-10-15,Total Monitored Articles,408069
2017-10-16,Article Count,8
2017-10-16,Total Monitored Articles,601534
2017-10-17,Article Count,4
2017-10-17,Total Monitored Articles,719074
2017-10-18,Article Count,7
2017-10-18,Total Monitored Articles,645581
2017-10-19,Article Count,0
2017-10-19,Total Monitored Articles,706615
2017-10-20,Article Count,0
2017-10-20,Total Monitored Articles,705739
2017-10-21,Article Count,2
2017-10-21,Total Monitored Articles,420431
2017-10-22,Article Count,0
2017-10-22,Total Monitored Articles,426803
2017-10-23,Article Count,4
2017-10-23,Total Monitored Articles,691172
2017-10-24,Article Count,4
2017-10-24,Total Monitored Articles,701093
2017-10-25,Article Count,1
2017-10-25,Total Monitored Articles,707073
2017-10-26,Article Count,1
2017-10-26,Total Monitored Articles,748252
2017-10-27,Article Count,1
2017-10-27,Total Monitored Articles,662645
2017-10-28,Article Count,0
2017-10-28,Total Monitored Articles,430856
2017-10-29,Article Count,1
2017-10-29,Total Monitored Articles,402275
2017-10-30,Article Count,0
2017-10-30,Total Monitored Articles,648194
2017-10-31,Article Count,0
2017-10-31,Total Monitored Articles,713776
2017-11-01,Article Count,3
2017-11-01,Total Monitored Articles,705234
2017-11-02,Article Count,0
2017-11-02,Total Monitored Articles,680334
2017-11-03,Article Count,0
2017-11-03,Total Monitored Articles,696481
2017-11-04,Article Count,1
2017-11-04,Total Monitored Articles,426894
2017-11-05,Article Count,0
2017-11-05,Total Monitored Articles,393052
2017-11-06,Article Count,1
2017-11-06,Total Monitored Articles,659873
2017-11-07,Article Count,0
2017-11-07,Total Monitored Articles,733233
2017-11-08,Article Count,4
2017-11-08,Total Monitored Articles,708394
2017-11-09,Article Count,1
2017-11-09,Total Monitored Articles,730383
2017-11-10,Article Count,1
2017-11-10,Total Monitored Articles,687141
2017-11-11,Article Count,0
2017-11-11,Total Monitored Articles,426572
2017-11-12,Article Count,2
2017-11-12,Total Monitored Articles,402133
2017-11-13,Article Count,5
2017-11-13,Total Monitored Articles,682491
2017-11-14,Article Count,4
2017-11-14,Total Monitored Articles,734872
2017-11-15,Article Count,7
2017-11-15,Total Monitored Articles,742764
2017-11-16,Article Count,0
2017-11-16,Total Monitored Articles,630736
2017-11-17,Article Count,0
2017-11-17,Total Monitored Articles,676637
2017-11-18,Article Count,0
2017-11-18,Total Monitored Articles,409283
2017-11-19,Article Count,0
2017-11-19,Total Monitored Articles,387959
2017-11-20,Article Count,0
2017-11-20,Total Monitored Articles,644099
2017-11-21,Article Count,0
2017-11-21,Total Monitored Articles,719406
2017-11-22,Article Count,0
2017-11-22,Total Monitored Articles,667079
2017-11-23,Article Count,0
2017-11-23,Total Monitored Articles,575169
2017-11-24,Article Count,6
2017-11-24,Total Monitored Articles,594491
2017-11-25,Article Count,3
2017-11-25,Total Monitored Articles,376547
2017-11-26,Article Count,3
2017-11-26,Total Monitored Articles,377487
2017-11-27,Article Count,4
2017-11-27,Total Monitored Articles,599212
2017-11-28,Article Count,0
2017-11-28,Total Monitored Articles,713850
2017-11-29,Article Count,1
2017-11-29,Total Monitored Articles,726734
2017-11-30,Article Count,0
2017-11-30,Total Monitored Articles,702677
2017-12-03,Article Count,0
2017-12-03,Total Monitored Articles,347532
2017-12-04,Article Count,0
2017-12-04,Total Monitored Articles,603840
2017-12-05,Article Count,0
2017-12-05,Total Monitored Articles,665504
2017-12-06,Article Count,24
2017-12-06,Total Monitored Articles,669094
2017-12-07,Article Count,1
2017-12-07,Total Monitored Articles,682878
2017-12-08,Article Count,0
2017-12-08,Total Monitored Articles,645343
2017-12-09,Article Count,1
2017-12-09,Total Monitored Articles,392702
2017-12-10,Article Count,0
2017-12-10,Total Monitored Articles,386041
2017-12-11,Article Count,0
2017-12-11,Total Monitored Articles,562684
2017-12-12,Article Count,0
2017-12-12,Total Monitored Articles,668426
2017-12-13,Article Count,1
2017-12-13,Total Monitored Articles,711463
2017-12-14,Article Count,1
2017-12-14,Total Monitored Articles,680273
2017-12-15,Article Count,0
2017-12-15,Total Monitored Articles,611220
2017-12-16,Article Count,0
2017-12-16,Total Monitored Articles,367642
2017-12-17,Article Count,0
2017-12-17,Total Monitored Articles,354372
2017-12-18,Article Count,3
2017-12-18,Total Monitored Articles,568589
2017-12-19,Article Count,0
2017-12-19,Total Monitored Articles,618096
2017-12-20,Article Count,0
2017-12-20,Total Monitored Articles,611544
2017-12-21,Article Count,1
2017-12-21,Total Monitored Articles,635258
2017-12-22,Article Count,0
2017-12-22,Total Monitored Articles,577086
2017-12-23,Article Count,0
2017-12-23,Total Monitored Articles,405042
2017-12-24,Article Count,0
2017-12-24,Total Monitored Articles,351541
2017-12-25,Article Count,0
2017-12-25,Total Monitored Articles,347346
2017-12-26,Article Count,0
2017-12-26,Total Monitored Articles,440947
2017-12-27,Article Count,0
2017-12-27,Total Monitored Articles,519620
2017-12-28,Article Count,0
2017-12-28,Total Monitored Articles,561053
2017-12-29,Article Count,0
2017-12-29,Total Monitored Articles,524027
2017-12-30,Article Count,0
2017-12-30,Total Monitored Articles,362344
2017-12-31,Article Count,0
2017-12-31,Total Monitored Articles,323669
2018-01-01,Article Count,0
2018-01-01,Total Monitored Articles,372641
2018-01-02,Article Count,0
2018-01-02,Total Monitored Articles,508097
2018-01-03,Article Count,4
2018-01-03,Total Monitored Articles,623867
2018-01-04,Article Count,0
2018-01-04,Total Monitored Articles,607039
2018-01-05,Article Count,22
2018-01-05,Total Monitored Articles,537361
2018-01-06,Article Count,5
2018-01-06,Total Monitored Articles,431894
2018-01-07,Article Count,1
2018-01-07,Total Monitored Articles,338104
2018-01-08,Article Count,2
2018-01-08,Total Monitored Articles,618339
2018-01-09,Article Count,0
2018-01-09,Total Monitored Articles,624128
2018-01-10,Article Count,0
2018-01-10,Total Monitored Articles,634107
2018-01-11,Article Count,0
2018-01-11,Total Monitored Articles,579123
2018-01-12,Article Count,0
2018-01-12,Total Monitored Articles,597977
2018-01-13,Article Count,0
2018-01-13,Total Monitored Articles,407765
2018-01-14,Article Count,0
2018-01-14,Total Monitored Articles,338122
2018-01-15,Article Count,0
2018-01-15,Total Monitored Articles,555931
2018-01-16,Article Count,0
2018-01-16,Total Monitored Articles,648837
2018-01-17,Article Count,0
2018-01-17,Total Monitored Articles,610446
2018-01-18,Article Count,13
2018-01-18,Total Monitored Articles,558027
2018-01-19,Article Count,7
2018-01-19,Total Monitored Articles,630594
2018-01-20,Article Count,1
2018-01-20,Total Monitored Articles,382134
2018-01-21,Article Count,0
2018-01-21,Total Monitored Articles,392859
2018-01-22,Article Count,3
2018-01-22,Total Monitored Articles,545224
2018-01-23,Article Count,0
2018-01-23,Total Monitored Articles,614555
2018-01-24,Article Count,2
2018-01-24,Total Monitored Articles,603381
2018-01-25,Article Count,0
2018-01-25,Total Monitored Articles,486773
2018-01-26,Article Count,0
2018-01-26,Total Monitored Articles,605023
2018-01-27,Article Count,0
2018-01-27,Total Monitored Articles,424774
2018-01-28,Article Count,0
2018-01-28,Total Monitored Articles,392817
2018-01-29,Article Count,0
2018-01-29,Total Monitored Articles,500914
2018-01-30,Article Count,0
2018-01-30,Total Monitored Articles,546002
2018-01-31,Article Count,26
2018-01-31,Total Monitored Articles,597245
2018-02-01,Article Count,4
2018-02-01,Total Monitored Articles,638115
2018-02-02,Article Count,0
2018-02-02,Total Monitored Articles,580804
2018-02-03,Article Count,1
2018-02-03,Total Monitored Articles,411787
2018-02-04,Article Count,0
2018-02-04,Total Monitored Articles,387503
2018-02-05,Article Count,0
2018-02-05,Total Monitored Articles,658083
2018-02-06,Article Count,3
2018-02-06,Total Monitored Articles,669277
2018-02-07,Article Count,1
2018-02-07,Total Monitored Articles,649083
2018-02-08,Article Count,0
2018-02-08,Total Monitored Articles,604822
2018-02-09,Article Count,0
2018-02-09,Total Monitored Articles,577680
2018-02-10,Article Count,0
2018-02-10,Total Monitored Articles,437017
2018-02-11,Article Count,2
2018-02-11,Total Monitored Articles,397846
2018-02-12,Article Count,0
2018-02-12,Total Monitored Articles,475912
2018-02-13,Article Count,1
2018-02-13,Total Monitored Articles,541747
2018-02-14,Article Count,0
2018-02-14,Total Monitored Articles,571872
2018-02-15,Article Count,1
2018-02-15,Total Monitored Articles,596926
2018-02-16,Article Count,0
2018-02-16,Total Monitored Articles,540170
2018-02-17,Article Count,0
2018-02-17,Total Monitored Articles,431487
2018-02-18,Article Count,0
2018-02-18,Total Monitored Articles,385874
2018-02-19,Article Count,0
2018-02-19,Total Monitored Articles,527929
2018-02-20,Article Count,0
2018-02-20,Total Monitored Articles,630957
2018-02-21,Article Count,0
2018-02-21,Total Monitored Articles,522494
2018-02-22,Article Count,0
2018-02-22,Total Monitored Articles,571087
2018-02-23,Article Count,0
2018-02-23,Total Monitored Articles,553210
2018-02-24,Article Count,0
2018-02-24,Total Monitored Articles,456032
2018-02-25,Article Count,0
2018-02-25,Total Monitored Articles,396009
2018-02-26,Article Count,2
2018-02-26,Total Monitored Articles,591875
2018-02-27,Article Count,0
2018-02-27,Total Monitored Articles,530834
2018-02-28,Article Count,0
2018-02-28,Total Monitored Articles,632963
2018-03-01,Article Count,0
2018-03-01,Total Monitored Articles,701240
2018-03-02,Article Count,1
2018-03-02,Total Monitored Articles,606937
2018-03-03,Article Count,0
2018-03-03,Total Monitored Articles,396038
2018-03-04,Article Count,0
2018-03-04,Total Monitored Articles,304496
2018-03-05,Article Count,0
2018-03-05,Total Monitored Articles,638145
2018-03-06,Article Count,0
2018-03-06,Total Monitored Articles,677298
2018-03-07,Article Count,0
2018-03-07,Total Monitored Articles,679499
2018-03-08,Article Count,1
2018-03-08,Total Monitored Articles,580266
2018-03-09,Article Count,0
2018-03-09,Total Monitored Articles,646495
2018-03-10,Article Count,0
2018-03-10,Total Monitored Articles,443413
2018-03-11,Article Count,0
2018-03-11,Total Monitored Articles,378706
2018-03-12,Article Count,2
2018-03-12,Total Monitored Articles,620489
2018-03-13,Article Count,14
2018-03-13,Total Monitored Articles,520736
2018-03-14,Article Count,0
2018-03-14,Total Monitored Articles,668709
2018-03-15,Article Count,10
2018-03-15,Total Monitored Articles,644744
2018-03-16,Article Count,0
2018-03-16,Total Monitored Articles,649212
2018-03-17,Article Count,0
2018-03-17,Total Monitored Articles,379198
2018-03-18,Article Count,10
2018-03-18,Total Monitored Articles,369754
2018-03-19,Article Count,0
2018-03-19,Total Monitored Articles,635088
2018-03-20,Article Count,0
2018-03-20,Total Monitored Articles,592576
2018-03-21,Article Count,1
2018-03-21,Total Monitored Articles,638519
2018-03-22,Article Count,0
2018-03-22,Total Monitored Articles,629541
2018-03-23,Article Count,3
2018-03-23,Total Monitored Articles,558941
2018-03-24,Article Count,0
2018-03-24,Total Monitored Articles,393727
2018-03-25,Article Count,0
2018-03-25,Total Monitored Articles,370595
2018-03-26,Article Count,0
2018-03-26,Total Monitored Articles,586308
2018-03-27,Article Count,2
2018-03-27,Total Monitored Articles,568017
2018-03-28,Article Count,0
2018-03-28,Total Monitored Articles,657644
2018-03-29,Article Count,2
2018-03-29,Total Monitored Articles,647539
2018-03-30,Article Count,0
2018-03-30,Total Monitored Articles,510559
2018-03-31,Article Count,3
2018-03-31,Total Monitored Articles,365672
2018-04-01,Article Count,2
2018-04-01,Total Monitored Articles,307457
2018-04-02,Article Count,0
2018-04-02,Total Monitored Articles,555919
2018-04-03,Article Count,0
2018-04-03,Total Monitored Articles,616889
2018-04-04,Article Count,0
2018-04-04,Total Monitored Articles,550638
2018-04-05,Article Count,1
2018-04-05,Total Monitored Articles,620507
2018-04-06,Article Count,3
2018-04-06,Total Monitored Articles,583873
2018-04-07,Article Count,0
2018-04-07,Total Monitored Articles,378673
2018-04-08,Article Count,0
2018-04-08,Total Monitored Articles,367916
2018-04-09,Article Count,0
2018-04-09,Total Monitored Articles,543816
2018-04-10,Article Count,3
2018-04-10,Total Monitored Articles,719631
2018-04-11,Article Count,0
2018-04-11,Total Monitored Articles,678034
2018-04-12,Article Count,0
2018-04-12,Total Monitored Articles,702027
2018-04-13,Article Count,1
2018-04-13,Total Monitored Articles,588142
2018-04-14,Article Count,0
2018-04-14,Total Monitored Articles,438743
2018-04-15,Article Count,0
2018-04-15,Total Monitored Articles,363474
2018-04-16,Article Count,0
2018-04-16,Total Monitored Articles,576282
2018-04-17,Article Count,0
2018-04-17,Total Monitored Articles,656656
2018-04-18,Article Count,0
2018-04-18,Total Monitored Articles,715484
2018-04-19,Article Count,1
2018-04-19,Total Monitored Articles,729864
2018-04-20,Article Count,0
2018-04-20,Total Monitored Articles,565639
2018-04-21,Article Count,1
2018-04-21,Total Monitored Articles,426800
2018-04-22,Article Count,0
2018-04-22,Total Monitored Articles,390271
2018-04-23,Article Count,1
2018-04-23,Total Monitored Articles,565328
2018-04-24,Article Count,0
2018-04-24,Total Monitored Articles,644140
2018-04-25,Article Count,1
2018-04-25,Total Monitored Articles,578193
2018-04-26,Article Count,1
2018-04-26,Total Monitored Articles,570399
2018-04-27,Article Count,1
2018-04-27,Total Monitored Articles,612114
2018-04-28,Article Count,34
2018-04-28,Total Monitored Articles,425337
2018-04-29,Article Count,0
2018-04-29,Total Monitored Articles,334236
2018-04-30,Article Count,29
2018-04-30,Total Monitored Articles,569496
2018-05-01,Article Count,0
2018-05-01,Total Monitored Articles,530345
2018-05-02,Article Count,6
2018-05-02,Total Monitored Articles,572491
2018-05-03,Article Count,8
2018-05-03,Total Monitored Articles,605826
2018-05-04,Article Count,5
2018-05-04,Total Monitored Articles,600235
2018-05-05,Article Count,34
2018-05-05,Total Monitored Articles,407143
2018-05-06,Article Count,1
2018-05-06,Total Monitored Articles,370773
2018-05-07,Article Count,1
2018-05-07,Total Monitored Articles,573436
2018-05-08,Article Count,0
2018-05-08,Total Monitored Articles,575000
2018-05-09,Article Count,0
2018-05-09,Total Monitored Articles,658248
2018-05-10,Article Count,2
2018-05-10,Total Monitored Articles,610084
2018-05-11,Article Count,0
2018-05-11,Total Monitored Articles,588830
2018-05-12,Article Count,0
2018-05-12,Total Monitored Articles,382780
2018-05-13,Article Count,1
2018-05-13,Total Monitored Articles,374617
2018-05-14,Article Count,2
2018-05-14,Total Monitored Articles,595247
2018-05-15,Article Count,0
2018-05-15,Total Monitored Articles,586709
2018-05-16,Article Count,0
2018-05-16,Total Monitored Articles,679567
2018-05-17,Article Count,2
2018-05-17,Total Monitored Articles,664822
2018-05-18,Article Count,4
2018-05-18,Total Monitored Articles,625838
2018-05-19,Article Count,0
2018-05-19,Total Monitored Articles,405384
2018-05-20,Article Count,1
2018-05-20,Total Monitored Articles,355400
2018-05-21,Article Count,1
2018-05-21,Total Monitored Articles,568755
2018-05-22,Article Count,1
2018-05-22,Total Monitored Articles,571273
2018-05-23,Article Count,3
2018-05-23,Total Monitored Articles,653421
2018-05-24,Article Count,5
2018-05-24,Total Monitored Articles,687589
2018-05-25,Article Count,2
2018-05-25,Total Monitored Articles,576952
2018-05-26,Article Count,5
2018-05-26,Total Monitored Articles,434045
2018-05-27,Article Count,3
2018-05-27,Total Monitored Articles,400707
2018-05-28,Article Count,2
2018-05-28,Total Monitored Articles,509200
2018-05-29,Article Count,3
2018-05-29,Total Monitored Articles,617504
2018-05-30,Article Count,1
2018-05-30,Total Monitored Articles,635713
2018-05-31,Article Count,2
2018-05-31,Total Monitored Articles,589294
2018-06-01,Article Count,4
2018-06-01,Total Monitored Articles,617022
2018-06-02,Article Count,0
2018-06-02,Total Monitored Articles,399897
2018-06-03,Article Count,23
2018-06-03,Total Monitored Articles,391769
2018-06-04,Article Count,1
2018-06-04,Total Monitored Articles,599852
2018-06-05,Article Count,13
2018-06-05,Total Monitored Articles,641554
2018-06-06,Article Count,6
2018-06-06,Total Monitored Articles,660405
2018-06-07,Article Count,3
2018-06-07,Total Monitored Articles,659278
2018-06-08,Article Count,5
2018-06-08,Total Monitored Articles,556169
2018-06-09,Article Count,0
2018-06-09,Total Monitored Articles,369665
2018-06-10,Article Count,1
2018-06-10,Total Monitored Articles,370702
2018-06-11,Article Count,1
2018-06-11,Total Monitored Articles,642506
2018-06-12,Article Count,35
2018-06-12,Total Monitored Articles,687838
2018-06-13,Article Count,4
2018-06-13,Total Monitored Articles,645101
2018-06-14,Article Count,4
2018-06-14,Total Monitored Articles,666757
2018-06-15,Article Count,3
2018-06-15,Total Monitored Articles,593690
2018-06-16,Article Count,1
2018-06-16,Total Monitored Articles,390847
2018-06-17,Article Count,2
2018-06-17,Total Monitored Articles,347598
2018-06-18,Article Count,1
2018-06-18,Total Monitored Articles,569720
2018-06-19,Article Count,10
2018-06-19,Total Monitored Articles,549661
2018-06-20,Article Count,9
2018-06-20,Total Monitored Articles,667664
2018-06-21,Article Count,5
2018-06-21,Total Monitored Articles,601795
2018-06-22,Article Count,60
2018-06-22,Total Monitored Articles,626117
2018-06-23,Article Count,10
2018-06-23,Total Monitored Articles,396071
2018-06-24,Article Count,2
2018-06-24,Total Monitored Articles,381549
2018-06-25,Article Count,10
2018-06-25,Total Monitored Articles,431342
2018-06-26,Article Count,7
2018-06-26,Total Monitored Articles,620730
2018-06-27,Article Count,2
2018-06-27,Total Monitored Articles,521183
2018-06-28,Article Count,1
2018-06-28,Total Monitored Articles,548778
2018-06-29,Article Count,3
2018-06-29,Total Monitored Articles,519959
2018-06-30,Article Count,1
2018-06-30,Total Monitored Articles,399499
2018-07-01,Article Count,0
2018-07-01,Total Monitored Articles,355034
2018-07-02,Article Count,1
2018-07-02,Total Monitored Articles,595307
2018-07-03,Article Count,2
2018-07-03,Total Monitored Articles,557894
2018-07-04,Article Count,1
2018-07-04,Total Monitored Articles,573019
2018-07-05,Article Count,1
2018-07-05,Total Monitored Articles,635224
2018-07-06,Article Count,8
2018-07-06,Total Monitored Articles,556974
2018-07-07,Article Count,9
2018-07-07,Total Monitored Articles,402934
2018-07-08,Article Count,5
2018-07-08,Total Monitored Articles,330803
2018-07-09,Article Count,23
2018-07-09,Total Monitored Articles,583429
2018-07-10,Article Count,8
2018-07-10,Total Monitored Articles,543768
2018-07-11,Article Count,0
2018-07-11,Total Monitored Articles,609944
2018-07-12,Article Count,0
2018-07-12,Total Monitored Articles,609647
2018-07-13,Article Count,0
2018-07-13,Total Monitored Articles,591098
2018-07-14,Article Count,0
2018-07-14,Total Monitored Articles,392480
2018-07-15,Article Count,0
2018-07-15,Total Monitored Articles,263918
2018-07-16,Article Count,0
2018-07-16,Total Monitored Articles,553822
2018-07-17,Article Count,0
2018-07-17,Total Monitored Articles,635478
2018-07-18,Article Count,1
2018-07-18,Total Monitored Articles,652924
2018-07-19,Article Count,8
2018-07-19,Total Monitored Articles,646771
2018-07-20,Article Count,1
2018-07-20,Total Monitored Articles,613970
2018-07-21,Article Count,21
2018-07-21,Total Monitored Articles,388993
2018-07-22,Article Count,2
2018-07-22,Total Monitored Articles,354548
2018-07-23,Article Count,1
2018-07-23,Total Monitored Articles,594663
2018-07-24,Article Count,2
2018-07-24,Total Monitored Articles,647935
2018-07-25,Article Count,5
2018-07-25,Total Monitored Articles,642526
2018-07-26,Article Count,3
2018-07-26,Total Monitored Articles,644603
2018-07-27,Article Count,1
2018-07-27,Total Monitored Articles,607964
2018-07-28,Article Count,0
2018-07-28,Total Monitored Articles,377920
2018-07-29,Article Count,3
2018-07-29,Total Monitored Articles,349619
2018-07-30,Article Count,2
2018-07-30,Total Monitored Articles,573910
2018-07-31,Article Count,2
2018-07-31,Total Monitored Articles,626726
2018-08-01,Article Count,0
2018-08-01,Total Monitored Articles,631563
2018-08-02,Article Count,8
2018-08-02,Total Monitored Articles,623909
2018-08-03,Article Count,2
2018-08-03,Total Monitored Articles,603270
2018-08-04,Article Count,0
2018-08-04,Total Monitored Articles,387212
2018-08-05,Article Count,0
2018-08-05,Total Monitored Articles,355013
2018-08-06,Article Count,2
2018-08-06,Total Monitored Articles,573402
2018-08-07,Article Count,0
2018-08-07,Total Monitored Articles,618463
2018-08-08,Article Count,0
2018-08-08,Total Monitored Articles,618609
2018-08-09,Article Count,2
2018-08-09,Total Monitored Articles,596272
2018-08-10,Article Count,0
2018-08-10,Total Monitored Articles,556629
2018-08-11,Article Count,0
2018-08-11,Total Monitored Articles,374882
2018-08-12,Article Count,0
2018-08-12,Total Monitored Articles,338950
2018-08-13,Article Count,4
2018-08-13,Total Monitored Articles,556789
2018-08-14,Article Count,1
2018-08-14,Total Monitored Articles,597753
2018-08-15,Article Count,0
2018-08-15,Total Monitored Articles,573774
2018-08-16,Article Count,0
2018-08-16,Total Monitored Articles,597357
2018-08-17,Article Count,0
2018-08-17,Total Monitored Articles,561592
2018-08-18,Article Count,0
2018-08-18,Total Monitored Articles,368437
2018-08-19,Article Count,0
2018-08-19,Total Monitored Articles,335652
2018-08-20,Article Count,0
2018-08-20,Total Monitored Articles,535770
2018-08-21,Article Count,1
2018-08-21,Total Monitored Articles,525355
2018-08-22,Article Count,12
2018-08-22,Total Monitored Articles,580206
2018-08-23,Article Count,11
2018-08-23,Total Monitored Articles,589323
2018-08-24,Article Count,0
2018-08-24,Total Monitored Articles,567255
2018-08-25,Article Count,1
2018-08-25,Total Monitored Articles,362400
2018-08-26,Article Count,0
2018-08-26,Total Monitored Articles,338914
2018-08-27,Article Count,2
2018-08-27,Total Monitored Articles,535186
2018-08-28,Article Count,0
2018-08-28,Total Monitored Articles,591185
2018-08-29,Article Count,0
2018-08-29,Total Monitored Articles,599157
2018-08-30,Article Count,51
2018-08-30,Total Monitored Articles,594012
2018-08-31,Article Count,8
2018-08-31,Total Monitored Articles,573552
2018-09-01,Article Count,3
2018-09-01,Total Monitored Articles,375197
2018-09-02,Article Count,0
2018-09-02,Total Monitored Articles,336594
2018-09-03,Article Count,0
2018-09-03,Total Monitored Articles,508148
2018-09-04,Article Count,2
2018-09-04,Total Monitored Articles,600959
2018-09-05,Article Count,3
2018-09-05,Total Monitored Articles,641744
2018-09-06,Article Count,0
2018-09-06,Total Monitored Articles,631607
2018-09-07,Article Count,0
2018-09-07,Total Monitored Articles,597926
2018-09-08,Article Count,0
2018-09-08,Total Monitored Articles,386007
2018-09-09,Article Count,0
2018-09-09,Total Monitored Articles,361335
2018-09-10,Article Count,0
2018-09-10,Total Monitored Articles,585287
2018-09-11,Article Count,0
2018-09-11,Total Monitored Articles,621198
2018-09-12,Article Count,0
2018-09-12,Total Monitored Articles,646933
2018-09-13,Article Count,1
2018-09-13,Total Monitored Articles,630161
2018-09-14,Article Count,1
2018-09-14,Total Monitored Articles,613585
2018-09-15,Article Count,3
2018-09-15,Total Monitored Articles,383927
2018-09-16,Article Count,1
2018-09-16,Total Monitored Articles,341211
2018-09-17,Article Count,1
2018-09-17,Total Monitored Articles,572039
2018-09-18,Article Count,16
2018-09-18,Total Monitored Articles,630504
2018-09-19,Article Count,96
2018-09-19,Total Monitored Articles,631833
2018-09-20,Article Count,0
2018-09-20,Total Monitored Articles,635345
2018-09-21,Article Count,1
2018-09-21,Total Monitored Articles,597447
2018-09-22,Article Count,1
2018-09-22,Total Monitored Articles,374637
2018-09-23,Article Count,0
2018-09-23,Total Monitored Articles,348410
2018-09-24,Article Count,1
2018-09-24,Total Monitored Articles,556916
2018-09-25,Article Count,0
2018-09-25,Total Monitored Articles,615046
2018-09-26,Article Count,1
2018-09-26,Total Monitored Articles,623457
2018-09-27,Article Count,3
2018-09-27,Total Monitored Articles,597028
2018-09-28,Article Count,0
2018-09-28,Total Monitored Articles,594081
2018-09-29,Article Count,0
2018-09-29,Total Monitored Articles,380488
2018-09-30,Article Count,0
2018-09-30,Total Monitored Articles,346948
2018-10-01,Article Count,3
2018-10-01,Total Monitored Articles,560915
2018-10-02,Article Count,40
2018-10-02,Total Monitored Articles,595370
2018-10-03,Article Count,0
2018-10-03,Total Monitored Articles,600437
2018-10-04,Article Count,0
2018-10-04,Total Monitored Articles,609053
2018-10-05,Article Count,2
2018-10-05,Total Monitored Articles,587095
2018-10-06,Article Count,0
2018-10-06,Total Monitored Articles,370711
2018-10-07,Article Count,2
2018-10-07,Total Monitored Articles,360623
2018-10-08,Article Count,0
2018-10-08,Total Monitored Articles,561194
2018-10-09,Article Count,1
2018-10-09,Total Monitored Articles,606784
2018-10-10,Article Count,2
2018-10-10,Total Monitored Articles,618236
2018-10-11,Article Count,0
2018-10-11,Total Monitored Articles,615773
2018-10-12,Article Count,2
2018-10-12,Total Monitored Articles,570441
2018-10-13,Article Count,25
2018-10-13,Total Monitored Articles,354434
2018-10-14,Article Count,1
2018-10-14,Total Monitored Articles,330885
2018-10-15,Article Count,1
2018-10-15,Total Monitored Articles,556079
2018-10-16,Article Count,1
2018-10-16,Total Monitored Articles,611801
2018-10-17,Article Count,1
2018-10-17,Total Monitored Articles,615778
2018-10-18,Article Count,1
2018-10-18,Total Monitored Articles,612712
2018-10-19,Article Count,1
2018-10-19,Total Monitored Articles,585372
2018-10-20,Article Count,3
2018-10-20,Total Monitored Articles,364543
2018-10-21,Article Count,3
2018-10-21,Total Monitored Articles,347745
2018-10-22,Article Count,0
2018-10-22,Total Monitored Articles,565276
2018-10-23,Article Count,0
2018-10-23,Total Monitored Articles,620841
2018-10-24,Article Count,0
2018-10-24,Total Monitored Articles,630996
2018-10-25,Article Count,0
2018-10-25,Total Monitored Articles,641129
2018-10-26,Article Count,2
2018-10-26,Total Monitored Articles,596941
2018-10-27,Article Count,1
2018-10-27,Total Monitored Articles,371209
2018-10-28,Article Count,1
2018-10-28,Total Monitored Articles,351218
2018-10-29,Article Count,0
2018-10-29,Total Monitored Articles,581207
2018-10-30,Article Count,0
2018-10-30,Total Monitored Articles,613542
2018-10-31,Article Count,0
2018-10-31,Total Monitored Articles,623679
2018-11-01,Article Count,6
2018-11-01,Total Monitored Articles,596429
2018-11-02,Article Count,2
2018-11-02,Total Monitored Articles,573265
2018-11-03,Article Count,0
2018-11-03,Total Monitored Articles,373881
2018-11-04,Article Count,0
2018-11-04,Total Monitored Articles,337037
2018-11-05,Article Count,0
2018-11-05,Total Monitored Articles,559787
2018-11-06,Article Count,0
2018-11-06,Total Monitored Articles,604838
2018-11-07,Article Count,0
2018-11-07,Total Monitored Articles,627872
2018-11-08,Article Count,1
2018-11-08,Total Monitored Articles,618066
2018-11-09,Article Count,0
2018-11-09,Total Monitored Articles,591230
2018-11-10,Article Count,0
2018-11-10,Total Monitored Articles,378528
2018-11-11,Article Count,0
2018-11-11,Total Monitored Articles,345053
2018-11-12,Article Count,0
2018-11-12,Total Monitored Articles,545671
2018-11-13,Article Count,11
2018-11-13,Total Monitored Articles,620976
2018-11-14,Article Count,0
2018-11-14,Total Monitored Articles,628939
2018-11-15,Article Count,1
2018-11-15,Total Monitored Articles,636329
2018-11-16,Article Count,1
2018-11-16,Total Monitored Articles,590677
2018-11-17,Article Count,0
2018-11-17,Total Monitored Articles,378415
2018-11-18,Article Count,0
2018-11-18,Total Monitored Articles,335717
2018-11-19,Article Count,2
2018-11-19,Total Monitored Articles,549638
2018-11-20,Article Count,2
2018-11-20,Total Monitored Articles,601238
2018-11-21,Article Count,0
2018-11-21,Total Monitored Articles,608585
2018-11-22,Article Count,14
2018-11-22,Total Monitored Articles,554027
2018-11-23,Article Count,0
2018-11-23,Total Monitored Articles,532334
2018-11-24,Article Count,0
2018-11-24,Total Monitored Articles,363532
2018-11-25,Article Count,2
2018-11-25,Total Monitored Articles,341608
2018-11-26,Article Count,1
2018-11-26,Total Monitored Articles,563793
2018-11-27,Article Count,0
2018-11-27,Total Monitored Articles,606893
2018-11-28,Article Count,2
2018-11-28,Total Monitored Articles,619751
2018-11-29,Article Count,0
2018-11-29,Total Monitored Articles,619323
2018-11-30,Article Count,1
2018-11-30,Total Monitored Articles,584655
2018-12-01,Article Count,0
2018-12-01,Total Monitored Articles,384865
2018-12-02,Article Count,0
2018-12-02,Total Monitored Articles,330718
2018-12-03,Article Count,0
2018-12-03,Total Monitored Articles,561859
2018-12-04,Article Count,0
2018-12-04,Total Monitored Articles,606402
2018-12-05,Article Count,0
2018-12-05,Total Monitored Articles,613720
2018-12-06,Article Count,0
2018-12-06,Total Monitored Articles,600825
2018-12-07,Article Count,0
2018-12-07,Total Monitored Articles,562547
2018-12-08,Article Count,0
2018-12-08,Total Monitored Articles,354648
2018-12-09,Article Count,0
2018-12-09,Total Monitored Articles,319575
2018-12-10,Article Count,0
2018-12-10,Total Monitored Articles,531354
2018-12-11,Article Count,3
2018-12-11,Total Monitored Articles,579106
2018-12-12,Article Count,4
2018-12-12,Total Monitored Articles,587921
2018-12-13,Article Count,0
2018-12-13,Total Monitored Articles,546141
2018-12-14,Article Count,1
2018-12-14,Total Monitored Articles,552965
2018-12-15,Article Count,0
2018-12-15,Total Monitored Articles,352179
2018-12-16,Article Count,0
2018-12-16,Total Monitored Articles,312822
2018-12-17,Article Count,2
2018-12-17,Total Monitored Articles,515618
2018-12-18,Article Count,1
2018-12-18,Total Monitored Articles,551086
2018-12-19,Article Count,0
2018-12-19,Total Monitored Articles,575539
2018-12-20,Article Count,0
2018-12-20,Total Monitored Articles,577643
2018-12-21,Article Count,1
2018-12-21,Total Monitored Articles,484049
2018-12-22,Article Count,0
2018-12-22,Total Monitored Articles,341788
2018-12-23,Article Count,0
2018-12-23,Total Monitored Articles,298194
2018-12-24,Article Count,0
2018-12-24,Total Monitored Articles,386264
2018-12-25,Article Count,0
2018-12-25,Total Monitored Articles,316719
2018-12-26,Article Count,0
2018-12-26,Total Monitored Articles,388842
2018-12-27,Article Count,0
2018-12-27,Total Monitored Articles,462463
2018-12-28,Article Count,1
2018-12-28,Total Monitored Articles,463174
2018-12-29,Article Count,0
2018-12-29,Total Monitored Articles,332688
2018-12-30,Article Count,2
2018-12-30,Total Monitored Articles,292052
2018-12-31,Article Count,0
2018-12-31,Total Monitored Articles,365143
2019-01-01,Article Count,0
2019-01-01,Total Monitored Articles,297788
2019-01-02,Article Count,2
2019-01-02,Total Monitored Articles,446886
2019-01-03,Article Count,1
2019-01-03,Total Monitored Articles,500956
2019-01-04,Article Count,1
2019-01-04,Total Monitored Articles,488089
2019-01-05,Article Count,1
2019-01-05,Total Monitored Articles,323797
2019-01-06,Article Count,1
2019-01-06,Total Monitored Articles,302169
2019-01-07,Article Count,0
2019-01-07,Total Monitored Articles,492100
2019-01-08,Article Count,7
2019-01-08,Total Monitored Articles,535742
2019-01-09,Article Count,0
2019-01-09,Total Monitored Articles,565657
2019-01-10,Article Count,1
2019-01-10,Total Monitored Articles,567058
2019-01-11,Article Count,0
2019-01-11,Total Monitored Articles,544305
2019-01-12,Article Count,0
2019-01-12,Total Monitored Articles,346849
2019-01-13,Article Count,5
2019-01-13,Total Monitored Articles,314670
2019-01-14,Article Count,0
2019-01-14,Total Monitored Articles,524137
2019-01-15,Article Count,0
2019-01-15,Total Monitored Articles,564620
2019-01-16,Article Count,2
2019-01-16,Total Monitored Articles,580093
2019-01-17,Article Count,1
2019-01-17,Total Monitored Articles,574929
2019-01-18,Article Count,0
2019-01-18,Total Monitored Articles,538498
2019-01-19,Article Count,1
2019-01-19,Total Monitored Articles,356035
2019-01-20,Article Count,1
2019-01-20,Total Monitored Articles,313260
2019-01-21,Article Count,0
2019-01-21,Total Monitored Articles,495595
2019-01-22,Article Count,0
2019-01-22,Total Monitored Articles,557644
2019-01-23,Article Count,0
2019-01-23,Total Monitored Articles,578855
2019-01-24,Article Count,0
2019-01-24,Total Monitored Articles,576494
2019-01-25,Article Count,0
2019-01-25,Total Monitored Articles,544704
2019-01-26,Article Count,0
2019-01-26,Total Monitored Articles,342267
2019-01-27,Article Count,1
2019-01-27,Total Monitored Articles,316053
2019-01-28,Article Count,1
2019-01-28,Total Monitored Articles,532393
2019-01-29,Article Count,0
2019-01-29,Total Monitored Articles,586242
2019-01-30,Article Count,0
2019-01-30,Total Monitored Articles,593067
2019-01-31,Article Count,1
2019-01-31,Total Monitored Articles,591396
2019-02-01,Article Count,0
2019-02-01,Total Monitored Articles,560733
2019-02-02,Article Count,0
2019-02-02,Total Monitored Articles,358236
2019-02-03,Article Count,2
2019-02-03,Total Monitored Articles,322356
2019-02-04,Article Count,0
2019-02-04,Total Monitored Articles,510826
2019-02-05,Article Count,0
2019-02-05,Total Monitored Articles,560013
2019-02-06,Article Count,0
2019-02-06,Total Monitored Articles,578420
2019-02-07,Article Count,0
2019-02-07,Total Monitored Articles,571544
2019-02-08,Article Count,0
2019-02-08,Total Monitored Articles,543911
2019-02-09,Article Count,0
2019-02-09,Total Monitored Articles,348465
2019-02-10,Article Count,0
2019-02-10,Total Monitored Articles,314312
2019-02-11,Article Count,0
2019-02-11,Total Monitored Articles,533288
2019-02-12,Article Count,1
2019-02-12,Total Monitored Articles,575296
2019-02-13,Article Count,1
2019-02-13,Total Monitored Articles,588406
2019-02-14,Article Count,1
2019-02-14,Total Monitored Articles,594775
2019-02-15,Article Count,1
2019-02-15,Total Monitored Articles,556029
2019-02-16,Article Count,1
2019-02-16,Total Monitored Articles,357088
2019-02-17,Article Count,0
2019-02-17,Total Monitored Articles,311312
2019-02-18,Article Count,0
2019-02-18,Total Monitored Articles,496431
2019-02-19,Article Count,6
2019-02-19,Total Monitored Articles,567800
2019-02-20,Article Count,2
2019-02-20,Total Monitored Articles,590282
2019-02-21,Article Count,0
2019-02-21,Total Monitored Articles,591398
2019-02-22,Article Count,0
2019-02-22,Total Monitored Articles,559136
2019-02-23,Article Count,0
2019-02-23,Total Monitored Articles,357936
2019-02-24,Article Count,1
2019-02-24,Total Monitored Articles,327993
2019-02-25,Article Count,3
2019-02-25,Total Monitored Articles,553023
2019-02-26,Article Count,3
2019-02-26,Total Monitored Articles,577907
2019-02-27,Article Count,2
2019-02-27,Total Monitored Articles,594100
2019-02-28,Article Count,0
2019-02-28,Total Monitored Articles,595251
2019-03-01,Article Count,0
2019-03-01,Total Monitored Articles,559164
2019-03-02,Article Count,1
2019-03-02,Total Monitored Articles,345335
2019-03-03,Article Count,0
2019-03-03,Total Monitored Articles,322812
2019-03-04,Article Count,1
2019-03-04,Total Monitored Articles,529873
2019-03-05,Article Count,0
2019-03-05,Total Monitored Articles,567060
2019-03-06,Article Count,5
2019-03-06,Total Monitored Articles,562602
2019-03-07,Article Count,0
2019-03-07,Total Monitored Articles,582300
2019-03-08,Article Count,2
2019-03-08,Total Monitored Articles,540030
2019-03-09,Article Count,2
2019-03-09,Total Monitored Articles,345346
2019-03-10,Article Count,0
2019-03-10,Total Monitored Articles,324986
2019-03-11,Article Count,0
2019-03-11,Total Monitored Articles,534250
2019-03-12,Article Count,0
2019-03-12,Total Monitored Articles,589422
2019-03-13,Article Count,1
2019-03-13,Total Monitored Articles,580276
2019-03-14,Article Count,0
2019-03-14,Total Monitored Articles,588363
2019-03-15,Article Count,0
2019-03-15,Total Monitored Articles,571667
2019-03-16,Article Count,0
2019-03-16,Total Monitored Articles,349991
2019-03-17,Article Count,2
2019-03-17,Total Monitored Articles,317112
2019-03-18,Article Count,0
2019-03-18,Total Monitored Articles,533461
2019-03-19,Article Count,1
2019-03-19,Total Monitored Articles,590222
2019-03-20,Article Count,0
2019-03-20,Total Monitored Articles,597835
2019-03-21,Article Count,0
2019-03-21,Total Monitored Articles,583386
2019-03-22,Article Count,0
2019-03-22,Total Monitored Articles,559782
2019-03-23,Article Count,0
2019-03-23,Total Monitored Articles,361090
2019-03-24,Article Count,0
2019-03-24,Total Monitored Articles,324381
2019-03-25,Article Count,0
2019-03-25,Total Monitored Articles,540917
2019-03-26,Article Count,1
2019-03-26,Total Monitored Articles,583705
2019-03-27,Article Count,0
2019-03-27,Total Monitored Articles,597502
2019-03-28,Article Count,0
2019-03-28,Total Monitored Articles,596163
2019-03-29,Article Count,0
2019-03-29,Total Monitored Articles,571705
2019-03-30,Article Count,0
2019-03-30,Total Monitored Articles,359128
2019-03-31,Article Count,0
2019-03-31,Total Monitored Articles,336067
2019-04-01,Article Count,0
2019-04-01,Total Monitored Articles,547471
2019-04-02,Article Count,0
2019-04-02,Total Monitored Articles,590482
2019-04-03,Article Count,0
2019-04-03,Total Monitored Articles,584430
2019-04-04,Article Count,1
2019-04-04,Total Monitored Articles,596143
2019-04-05,Article Count,3
2019-04-05,Total Monitored Articles,541945
2019-04-06,Article Count,1
2019-04-06,Total Monitored Articles,350724
2019-04-07,Article Count,0
2019-04-07,Total Monitored Articles,321289
2019-04-08,Article Count,4
2019-04-08,Total Monitored Articles,543963
2019-04-09,Article Count,1
2019-04-09,Total Monitored Articles,591837
2019-04-10,Article Count,0
2019-04-10,Total Monitored Articles,606251
2019-04-11,Article Count,0
2019-04-11,Total Monitored Articles,597315
2019-04-12,Article Count,1
2019-04-12,Total Monitored Articles,565707
2019-04-13,Article Count,1
2019-04-13,Total Monitored Articles,356382
2019-04-14,Article Count,1
2019-04-14,Total Monitored Articles,323587
2019-04-15,Article Count,2
2019-04-15,Total Monitored Articles,539012
2019-04-16,Article Count,0
2019-04-16,Total Monitored Articles,581678
2019-04-17,Article Count,3
2019-04-17,Total Monitored Articles,596862
2019-04-18,Article Count,2
2019-04-18,Total Monitored Articles,573699
2019-04-19,Article Count,9
2019-04-19,Total Monitored Articles,484049
2019-04-20,Article Count,9
2019-04-20,Total Monitored Articles,336078
2019-04-21,Article Count,1
2019-04-21,Total Monitored Articles,313462
2019-04-22,Article Count,2
2019-04-22,Total Monitored Articles,479179
2019-04-23,Article Count,4
2019-04-23,Total Monitored Articles,563830
2019-04-24,Article Count,0
2019-04-24,Total Monitored Articles,591325
2019-04-25,Article Count,0
2019-04-25,Total Monitored Articles,584120
2019-04-26,Article Count,1
2019-04-26,Total Monitored Articles,562597
2019-04-27,Article Count,0
2019-04-27,Total Monitored Articles,352776
2019-04-28,Article Count,0
2019-04-28,Total Monitored Articles,332695
2019-04-29,Article Count,6
2019-04-29,Total Monitored Articles,522861
2019-04-30,Article Count,1
2019-04-30,Total Monitored Articles,570267
2019-05-01,Article Count,0
2019-05-01,Total Monitored Articles,485506
2019-05-02,Article Count,0
2019-05-02,Total Monitored Articles,549026
2019-05-03,Article Count,2
2019-05-03,Total Monitored Articles,530092
2019-05-04,Article Count,0
2019-05-04,Total Monitored Articles,355768
2019-05-05,Article Count,0
2019-05-05,Total Monitored Articles,341957
2019-05-06,Article Count,11
2019-05-06,Total Monitored Articles,515301
2019-05-07,Article Count,0
2019-05-07,Total Monitored Articles,574256
2019-05-08,Article Count,3
2019-05-08,Total Monitored Articles,582183
2019-05-09,Article Count,1
2019-05-09,Total Monitored Articles,577844
2019-05-10,Article Count,4
2019-05-10,Total Monitored Articles,554114
2019-05-11,Article Count,1
2019-05-11,Total Monitored Articles,350696
2019-05-12,Article Count,0
2019-05-12,Total Monitored Articles,317985
2019-05-13,Article Count,0
2019-05-13,Total Monitored Articles,536102
2019-05-14,Article Count,2
2019-05-14,Total Monitored Articles,585896
2019-05-15,Article Count,0
2019-05-15,Total Monitored Articles,591221
2019-05-16,Article Count,0
2019-05-16,Total Monitored Articles,591207
2019-05-17,Article Count,0
2019-05-17,Total Monitored Articles,556159
2019-05-18,Article Count,0
2019-05-18,Total Monitored Articles,353256
2019-05-19,Article Count,0
2019-05-19,Total Monitored Articles,325667
2019-05-20,Article Count,0
2019-05-20,Total Monitored Articles,527535
2019-05-21,Article Count,2
2019-05-21,Total Monitored Articles,572682
2019-05-22,Article Count,3
2019-05-22,Total Monitored Articles,586055
2019-05-23,Article Count,2
2019-05-23,Total Monitored Articles,586614
2019-05-24,Article Count,1
2019-05-24,Total Monitored Articles,554998
2019-05-25,Article Count,0
2019-05-25,Total Monitored Articles,345474
2019-05-26,Article Count,1
2019-05-26,Total Monitored Articles,339260
2019-05-27,Article Count,0
2019-05-27,Total Monitored Articles,485161
2019-05-28,Article Count,0
2019-05-28,Total Monitored Articles,552153
2019-05-29,Article Count,0
2019-05-29,Total Monitored Articles,571014
2019-05-30,Article Count,0
2019-05-30,Total Monitored Articles,554953
2019-05-31,Article Count,0
2019-05-31,Total Monitored Articles,538059
2019-06-01,Article Count,0
2019-06-01,Total Monitored Articles,349368
2019-06-02,Article Count,0
2019-06-02,Total Monitored Articles,295119
2019-06-03,Article Count,0
2019-06-03,Total Monitored Articles,520036
2019-06-04,Article Count,0
2019-06-04,Total Monitored Articles,551818
2019-06-05,Article Count,1
2019-06-05,Total Monitored Articles,545910
2019-06-06,Article Count,0
2019-06-06,Total Monitored Articles,547521
2019-06-07,Article Count,0
2019-06-07,Total Monitored Articles,518061
2019-06-08,Article Count,0
2019-06-08,Total Monitored Articles,335951
2019-06-09,Article Count,0
2019-06-09,Total Monitored Articles,305141
2019-06-10,Article Count,0
2019-06-10,Total Monitored Articles,506985
2019-06-11,Article Count,1
2019-06-11,Total Monitored Articles,566933
2019-06-12,Article Count,1
2019-06-12,Total Monitored Articles,570073
2019-06-13,Article Count,2
2019-06-13,Total Monitored Articles,565204
2019-06-14,Article Count,0
2019-06-14,Total Monitored Articles,531773
2019-06-15,Article Count,0
2019-06-15,Total Monitored Articles,330545
2019-06-16,Article Count,0
2019-06-16,Total Monitored Articles,300557
2019-06-17,Article Count,0
2019-06-17,Total Monitored Articles,469557
2019-06-18,Article Count,10
2019-06-18,Total Monitored Articles,548269
2019-06-19,Article Count,1
2019-06-19,Total Monitored Articles,546694
2019-06-20,Article Count,0
2019-06-20,Total Monitored Articles,532580
2019-06-21,Article Count,0
2019-06-21,Total Monitored Articles,514540
2019-06-22,Article Count,0
2019-06-22,Total Monitored Articles,317482
2019-06-23,Article Count,3
2019-06-23,Total Monitored Articles,278915
2019-06-24,Article Count,0
2019-06-24,Total Monitored Articles,501889
2019-06-25,Article Count,2
2019-06-25,Total Monitored Articles,533291
2019-06-26,Article Count,0
2019-06-26,Total Monitored Articles,559876
2019-06-27,Article Count,0
2019-06-27,Total Monitored Articles,559529
2019-06-28,Article Count,0
2019-06-28,Total Monitored Articles,523192
2019-06-29,Article Count,0
2019-06-29,Total Monitored Articles,332558
2019-06-30,Article Count,1
2019-06-30,Total Monitored Articles,306767
2019-07-01,Article Count,1
2019-07-01,Total Monitored Articles,501715
2019-07-02,Article Count,0
2019-07-02,Total Monitored Articles,533759
2019-07-03,Article Count,0
2019-07-03,Total Monitored Articles,545890
2019-07-04,Article Count,0
2019-07-04,Total Monitored Articles,490272
2019-07-05,Article Count,2
2019-07-05,Total Monitored Articles,477685
2019-07-06,Article Count,0
2019-07-06,Total Monitored Articles,312638
2019-07-07,Article Count,0
2019-07-07,Total Monitored Articles,299153
2019-07-08,Article Count,1
2019-07-08,Total Monitored Articles,494895
2019-07-09,Article Count,0
2019-07-09,Total Monitored Articles,532760
2019-07-10,Article Count,0
2019-07-10,Total Monitored Articles,545918
2019-07-11,Article Count,1
2019-07-11,Total Monitored Articles,543604
2019-07-12,Article Count,2
2019-07-12,Total Monitored Articles,516277
2019-07-13,Article Count,1
2019-07-13,Total Monitored Articles,324067
2019-07-14,Article Count,1
2019-07-14,Total Monitored Articles,300689
2019-07-15,Article Count,0
2019-07-15,Total Monitored Articles,496030
2019-07-16,Article Count,1
2019-07-16,Total Monitored Articles,541094
2019-07-17,Article Count,1
2019-07-17,Total Monitored Articles,550809
2019-07-18,Article Count,1
2019-07-18,Total Monitored Articles,551040
2019-07-19,Article Count,2
2019-07-19,Total Monitored Articles,511797
2019-07-20,Article Count,0
2019-07-20,Total Monitored Articles,320084
2019-07-21,Article Count,2
2019-07-21,Total Monitored Articles,298078
2019-07-22,Article Count,0
2019-07-22,Total Monitored Articles,496101
2019-07-23,Article Count,0
2019-07-23,Total Monitored Articles,542655
2019-07-24,Article Count,2
2019-07-24,Total Monitored Articles,550539
2019-07-25,Article Count,0
2019-07-25,Total Monitored Articles,542767
2019-07-26,Article Count,0
2019-07-26,Total Monitored Articles,510044
2019-07-27,Article Count,0
2019-07-27,Total Monitored Articles,320494
2019-07-28,Article Count,0
2019-07-28,Total Monitored Articles,293745
2019-07-29,Article Count,0
2019-07-29,Total Monitored Articles,488126
2019-07-30,Article Count,0
2019-07-30,Total Monitored Articles,536137
2019-07-31,Article Count,1
2019-07-31,Total Monitored Articles,551657
2019-08-01,Article Count,0
2019-08-01,Total Monitored Articles,544051
2019-08-02,Article Count,0
2019-08-02,Total Monitored Articles,499653
2019-08-03,Article Count,0
2019-08-03,Total Monitored Articles,312326
2019-08-04,Article Count,1
2019-08-04,Total Monitored Articles,299125
2019-08-05,Article Count,1
2019-08-05,Total Monitored Articles,483118
2019-08-06,Article Count,0
2019-08-06,Total Monitored Articles,526808
2019-08-07,Article Count,1
2019-08-07,Total Monitored Articles,540520
2019-08-08,Article Count,3
2019-08-08,Total Monitored Articles,534809
2019-08-09,Article Count,1
2019-08-09,Total Monitored Articles,510275
2019-08-10,Article Count,0
2019-08-10,Total Monitored Articles,319632
2019-08-11,Article Count,0
2019-08-11,Total Monitored Articles,286034
2019-08-12,Article Count,0
2019-08-12,Total Monitored Articles,460999
2019-08-13,Article Count,0
2019-08-13,Total Monitored Articles,494778
2019-08-14,Article Count,1
2019-08-14,Total Monitored Articles,511339
2019-08-15,Article Count,0
2019-08-15,Total Monitored Articles,483144
2019-08-16,Article Count,1
2019-08-16,Total Monitored Articles,488425
2019-08-17,Article Count,0
2019-08-17,Total Monitored Articles,312833
2019-08-18,Article Count,1
2019-08-18,Total Monitored Articles,293299
2019-08-19,Article Count,0
2019-08-19,Total Monitored Articles,482115
2019-08-20,Article Count,0
2019-08-20,Total Monitored Articles,512041
2019-08-21,Article Count,0
2019-08-21,Total Monitored Articles,533452
2019-08-22,Article Count,0
2019-08-22,Total Monitored Articles,529087
2019-08-23,Article Count,3
2019-08-23,Total Monitored Articles,499521
2019-08-24,Article Count,0
2019-08-24,Total Monitored Articles,329635
2019-08-25,Article Count,0
2019-08-25,Total Monitored Articles,298799
2019-08-26,Article Count,0
2019-08-26,Total Monitored Articles,474152
2019-08-27,Article Count,0
2019-08-27,Total Monitored Articles,523306
2019-08-28,Article Count,1
2019-08-28,Total Monitored Articles,538641
2019-08-29,Article Count,0
2019-08-29,Total Monitored Articles,534574
2019-08-30,Article Count,0
2019-08-30,Total Monitored Articles,501716
2019-08-31,Article Count,0
2019-08-31,Total Monitored Articles,321579
2019-09-01,Article Count,0
2019-09-01,Total Monitored Articles,302842
2019-09-02,Article Count,26
2019-09-02,Total Monitored Articles,439231
2019-09-03,Article Count,15
2019-09-03,Total Monitored Articles,510643
2019-09-04,Article Count,1
2019-09-04,Total Monitored Articles,543845
2019-09-05,Article Count,2
2019-09-05,Total Monitored Articles,532554
2019-09-06,Article Count,4
2019-09-06,Total Monitored Articles,507294
2019-09-07,Article Count,0
2019-09-07,Total Monitored Articles,312530
2019-09-08,Article Count,1
2019-09-08,Total Monitored Articles,294714
2019-09-09,Article Count,0
2019-09-09,Total Monitored Articles,489879
2019-09-10,Article Count,2
2019-09-10,Total Monitored Articles,534367
2019-09-11,Article Count,0
2019-09-11,Total Monitored Articles,532778
2019-09-12,Article Count,0
2019-09-12,Total Monitored Articles,537433
2019-09-13,Article Count,0
2019-09-13,Total Monitored Articles,494363
2019-09-14,Article Count,0
2019-09-14,Total Monitored Articles,313982
2019-09-15,Article Count,0
2019-09-15,Total Monitored Articles,295775
2019-09-16,Article Count,0
2019-09-16,Total Monitored Articles,497858
2019-09-17,Article Count,3
2019-09-17,Total Monitored Articles,529118
2019-09-18,Article Count,4
2019-09-18,Total Monitored Articles,542926
2019-09-19,Article Count,0
2019-09-19,Total Monitored Articles,542773
2019-09-20,Article Count,3
2019-09-20,Total Monitored Articles,515934
2019-09-21,Article Count,0
2019-09-21,Total Monitored Articles,310909
2019-09-22,Article Count,1
2019-09-22,Total Monitored Articles,294180
2019-09-23,Article Count,1
2019-09-23,Total Monitored Articles,486570
2019-09-24,Article Count,2
2019-09-24,Total Monitored Articles,528837
2019-09-25,Article Count,1
2019-09-25,Total Monitored Articles,539615
2019-09-26,Article Count,0
2019-09-26,Total Monitored Articles,533764
2019-09-27,Article Count,1
2019-09-27,Total Monitored Articles,509849
2019-09-28,Article Count,1
2019-09-28,Total Monitored Articles,308315
2019-09-29,Article Count,1
2019-09-29,Total Monitored Articles,287903
2019-09-30,Article Count,0
2019-09-30,Total Monitored Articles,437102
2019-10-01,Article Count,0
2019-10-01,Total Monitored Articles,514340
2019-10-02,Article Count,0
2019-10-02,Total Monitored Articles,505415
2019-10-03,Article Count,0
2019-10-03,Total Monitored Articles,503247
2019-10-04,Article Count,0
2019-10-04,Total Monitored Articles,487461
2019-10-05,Article Count,0
2019-10-05,Total Monitored Articles,302322
2019-10-06,Article Count,0
2019-10-06,Total Monitored Articles,272004
2019-10-07,Article Count,0
2019-10-07,Total Monitored Articles,462075
2019-10-08,Article Count,0
2019-10-08,Total Monitored Articles,503665
2019-10-09,Article Count,0
2019-10-09,Total Monitored Articles,512282
2019-10-10,Article Count,0
2019-10-10,Total Monitored Articles,522103
2019-10-11,Article Count,0
2019-10-11,Total Monitored Articles,496822
2019-10-12,Article Count,1
2019-10-12,Total Monitored Articles,308536
2019-10-13,Article Count,0
2019-10-13,Total Monitored Articles,276043
2019-10-14,Article Count,2
2019-10-14,Total Monitored Articles,457892
2019-10-15,Article Count,0
2019-10-15,Total Monitored Articles,512878
2019-10-16,Article Count,1
2019-10-16,Total Monitored Articles,534395
2019-10-17,Article Count,2
2019-10-17,Total Monitored Articles,523905
2019-10-18,Article Count,3
2019-10-18,Total Monitored Articles,500159
2019-10-19,Article Count,0
2019-10-19,Total Monitored Articles,299066
2019-10-20,Article Count,0
2019-10-20,Total Monitored Articles,268642
2019-10-21,Article Count,1
2019-10-21,Total Monitored Articles,477898
2019-10-22,Article Count,0
2019-10-22,Total Monitored Articles,513629
2019-10-23,Article Count,1
2019-10-23,Total Monitored Articles,512089
2019-10-24,Article Count,1
2019-10-24,Total Monitored Articles,517482
2019-10-25,Article Count,0
2019-10-25,Total Monitored Articles,492241
2019-10-26,Article Count,0
2019-10-26,Total Monitored Articles,298603
2019-10-27,Article Count,0
2019-10-27,Total Monitored Articles,274414
2019-10-28,Article Count,1
2019-10-28,Total Monitored Articles,457281
2019-10-29,Article Count,0
2019-10-29,Total Monitored Articles,505654
2019-10-30,Article Count,0
2019-10-30,Total Monitored Articles,524098
2019-10-31,Article Count,2
2019-10-31,Total Monitored Articles,512560
2019-11-01,Article Count,0
2019-11-01,Total Monitored Articles,459961
2019-11-02,Article Count,0
2019-11-02,Total Monitored Articles,295527
2019-11-03,Article Count,0
2019-11-03,Total Monitored Articles,273380
2019-11-04,Article Count,0
2019-11-04,Total Monitored Articles,463253
2019-11-05,Article Count,1
2019-11-05,Total Monitored Articles,522583
2019-11-06,Article Count,0
2019-11-06,Total Monitored Articles,549860
2019-11-07,Article Count,1
2019-11-07,Total Monitored Articles,545791
2019-11-08,Article Count,3
2019-11-08,Total Monitored Articles,528410
2019-11-09,Article Count,0
2019-11-09,Total Monitored Articles,316275
2019-11-10,Article Count,1
2019-11-10,Total Monitored Articles,295334
2019-11-11,Article Count,0
2019-11-11,Total Monitored Articles,465415
2019-11-12,Article Count,1
2019-11-12,Total Monitored Articles,517367
2019-11-13,Article Count,0
2019-11-13,Total Monitored Articles,511360
2019-11-14,Article Count,0
2019-11-14,Total Monitored Articles,528162
2019-11-15,Article Count,0
2019-11-15,Total Monitored Articles,480174
2019-11-16,Article Count,0
2019-11-16,Total Monitored Articles,311125
2019-11-17,Article Count,0
2019-11-17,Total Monitored Articles,289902
2019-11-18,Article Count,0
2019-11-18,Total Monitored Articles,482701
2019-11-19,Article Count,1
2019-11-19,Total Monitored Articles,520439
2019-11-20,Article Count,1
2019-11-20,Total Monitored Articles,528295
2019-11-21,Article Count,1
2019-11-21,Total Monitored Articles,523073
2019-11-22,Article Count,0
2019-11-22,Total Monitored Articles,497118
2019-11-23,Article Count,0
2019-11-23,Total Monitored Articles,322908
2019-11-24,Article Count,0
2019-11-24,Total Monitored Articles,297182
2019-11-25,Article Count,1
2019-11-25,Total Monitored Articles,494370
2019-11-26,Article Count,16
2019-11-26,Total Monitored Articles,524684
2019-11-27,Article Count,2
2019-11-27,Total Monitored Articles,511361
2019-11-28,Article Count,1
2019-11-28,Total Monitored Articles,478081
2019-11-29,Article Count,0
2019-11-29,Total Monitored Articles,451226
2019-11-30,Article Count,4
2019-11-30,Total Monitored Articles,304600
2019-12-01,Article Count,15
2019-12-01,Total Monitored Articles,294518
2019-12-02,Article Count,4
2019-12-02,Total Monitored Articles,449521
2019-12-03,Article Count,4
2019-12-03,Total Monitored Articles,525184
2019-12-04,Article Count,5
2019-12-04,Total Monitored Articles,533394
2019-12-05,Article Count,1
2019-12-05,Total Monitored Articles,530550
2019-12-06,Article Count,1
2019-12-06,Total Monitored Articles,500038
2019-12-07,Article Count,0
2019-12-07,Total Monitored Articles,311145
2019-12-08,Article Count,0
2019-12-08,Total Monitored Articles,284834
2019-12-09,Article Count,0
2019-12-09,Total Monitored Articles,478623
2019-12-10,Article Count,0
2019-12-10,Total Monitored Articles,522225
2019-12-11,Article Count,0
2019-12-11,Total Monitored Articles,519311
2019-12-12,Article Count,0
2019-12-12,Total Monitored Articles,508673
2019-12-13,Article Count,1
2019-12-13,Total Monitored Articles,497908
2019-12-14,Article Count,0
2019-12-14,Total Monitored Articles,303003
2019-12-15,Article Count,2
2019-12-15,Total Monitored Articles,268674
2019-12-16,Article Count,0
2019-12-16,Total Monitored Articles,469904
2019-12-17,Article Count,0
2019-12-17,Total Monitored Articles,511633
2019-12-18,Article Count,0
2019-12-18,Total Monitored Articles,517254
2019-12-19,Article Count,0
2019-12-19,Total Monitored Articles,502820
2019-12-20,Article Count,1
2019-12-20,Total Monitored Articles,486812
2019-12-21,Article Count,0
2019-12-21,Total Monitored Articles,304824
2019-12-22,Article Count,0
2019-12-22,Total Monitored Articles,277064
2019-12-23,Article Count,0
2019-12-23,Total Monitored Articles,426760
2019-12-24,Article Count,0
2019-12-24,Total Monitored Articles,389189
2019-12-25,Article Count,0
2019-12-25,Total Monitored Articles,275251
2019-12-26,Article Count,2
2019-12-26,Total Monitored Articles,348402
2019-12-27,Article Count,6
2019-12-27,Total Monitored Articles,395063
2019-12-28,Article Count,1
2019-12-28,Total Monitored Articles,273389
2019-12-29,Article Count,0
2019-12-29,Total Monitored Articles,249511
2019-12-30,Article Count,9
2019-12-30,Total Monitored Articles,383261
2019-12-31,Article Count,5
2019-12-31,Total Monitored Articles,361032
2020-01-01,Article Count,0
2020-01-01,Total Monitored Articles,262970
2020-01-02,Article Count,0
2020-01-02,Total Monitored Articles,389269
2020-01-03,Article Count,2
2020-01-03,Total Monitored Articles,415807
2020-01-04,Article Count,2
2020-01-04,Total Monitored Articles,289977
2020-01-05,Article Count,1
2020-01-05,Total Monitored Articles,271749
2020-01-06,Article Count,5
2020-01-06,Total Monitored Articles,431339
2020-01-07,Article Count,2
2020-01-07,Total Monitored Articles,474951
2020-01-08,Article Count,1
2020-01-08,Total Monitored Articles,492966
2020-01-09,Article Count,1
2020-01-09,Total Monitored Articles,504706
2020-01-10,Article Count,0
2020-01-10,Total Monitored Articles,484072
2020-01-11,Article Count,1
2020-01-11,Total Monitored Articles,311598
2020-01-12,Article Count,10
2020-01-12,Total Monitored Articles,263262
2020-01-13,Article Count,0
2020-01-13,Total Monitored Articles,456148
2020-01-14,Article Count,0
2020-01-14,Total Monitored Articles,488114
2020-01-15,Article Count,0
2020-01-15,Total Monitored Articles,496143
2020-01-16,Article Count,1
2020-01-16,Total Monitored Articles,501155
2020-01-17,Article Count,2
2020-01-17,Total Monitored Articles,471810
2020-01-18,Article Count,0
2020-01-18,Total Monitored Articles,292937
2020-01-19,Article Count,2
2020-01-19,Total Monitored Articles,271248
2020-01-20,Article Count,1
2020-01-20,Total Monitored Articles,434444
2020-01-21,Article Count,0
2020-01-21,Total Monitored Articles,480181
2020-01-22,Article Count,42
2020-01-22,Total Monitored Articles,497108
2020-01-23,Article Count,0
2020-01-23,Total Monitored Articles,483015
2020-01-24,Article Count,1
2020-01-24,Total Monitored Articles,443329
2020-01-25,Article Count,0
2020-01-25,Total Monitored Articles,292319
2020-01-26,Article Count,0
2020-01-26,Total Monitored Articles,261248
2020-01-27,Article Count,1
2020-01-27,Total Monitored Articles,430001
2020-01-28,Article Count,0
2020-01-28,Total Monitored Articles,455152
2020-01-29,Article Count,10
2020-01-29,Total Monitored Articles,456667
2020-01-30,Article Count,0
2020-01-30,Total Monitored Articles,481598
2020-01-31,Article Count,0
2020-01-31,Total Monitored Articles,459885
2020-02-01,Article Count,0
2020-02-01,Total Monitored Articles,289147
2020-02-02,Article Count,0
2020-02-02,Total Monitored Articles,273834
2020-02-03,Article Count,0
2020-02-03,Total Monitored Articles,447476
2020-02-04,Article Count,1
2020-02-04,Total Monitored Articles,499684
2020-02-05,Article Count,0
2020-02-05,Total Monitored Articles,511196
2020-02-06,Article Count,1
2020-02-06,Total Monitored Articles,491612
2020-02-07,Article Count,0
2020-02-07,Total Monitored Articles,474142
2020-02-08,Article Count,2
2020-02-08,Total Monitored Articles,298624
2020-02-09,Article Count,0
2020-02-09,Total Monitored Articles,271405
2020-02-10,Article Count,1
2020-02-10,Total Monitored Articles,465754
2020-02-11,Article Count,0
2020-02-11,Total Monitored Articles,495183
2020-02-12,Article Count,0
2020-02-12,Total Monitored Articles,511160
2020-02-13,Article Count,0
2020-02-13,Total Monitored Articles,507117
2020-02-14,Article Count,3
2020-02-14,Total Monitored Articles,472746
2020-02-15,Article Count,0
2020-02-15,Total Monitored Articles,295457
2020-02-16,Article Count,0
2020-02-16,Total Monitored Articles,261090
2020-02-17,Article Count,24
2020-02-17,Total Monitored Articles,417604
2020-02-18,Article Count,0
2020-02-18,Total Monitored Articles,470059
2020-02-19,Article Count,0
2020-02-19,Total Monitored Articles,497697
2020-02-20,Article Count,0
2020-02-20,Total Monitored Articles,502783
2020-02-21,Article Count,0
2020-02-21,Total Monitored Articles,473278
2020-02-22,Article Count,0
2020-02-22,Total Monitored Articles,295604
2020-02-23,Article Count,0
2020-02-23,Total Monitored Articles,268100
2020-02-24,Article Count,1
2020-02-24,Total Monitored Articles,441285
2020-02-25,Article Count,0
2020-02-25,Total Monitored Articles,490807
2020-02-26,Article Count,1
2020-02-26,Total Monitored Articles,501963
2020-02-27,Article Count,0
2020-02-27,Total Monitored Articles,503140
2020-02-28,Article Count,4
2020-02-28,Total Monitored Articles,474977
2020-02-29,Article Count,2
2020-02-29,Total Monitored Articles,298676
2020-03-01,Article Count,0
2020-03-01,Total Monitored Articles,270517
2020-03-02,Article Count,0
2020-03-02,Total Monitored Articles,458450
2020-03-03,Article Count,0
2020-03-03,Total Monitored Articles,495271
2020-03-04,Article Count,1
2020-03-04,Total Monitored Articles,511285
2020-03-05,Article Count,2
2020-03-05,Total Monitored Articles,506407
2020-03-06,Article Count,0
2020-03-06,Total Monitored Articles,478147
2020-03-07,Article Count,1
2020-03-07,Total Monitored Articles,300639
2020-03-08,Article Count,0
2020-03-08,Total Monitored Articles,276178
2020-03-09,Article Count,1
2020-03-09,Total Monitored Articles,452224
2020-03-10,Article Count,2
2020-03-10,Total Monitored Articles,491836
2020-03-11,Article Count,2
2020-03-11,Total Monitored Articles,512593
2020-03-12,Article Count,1
2020-03-12,Total Monitored Articles,538498
2020-03-13,Article Count,18
2020-03-13,Total Monitored Articles,502203
2020-03-14,Article Count,3
2020-03-14,Total Monitored Articles,314890
2020-03-15,Article Count,0
2020-03-15,Total Monitored Articles,303076
2020-03-16,Article Count,1
2020-03-16,Total Monitored Articles,494418
2020-03-17,Article Count,0
2020-03-17,Total Monitored Articles,528913
2020-03-18,Article Count,0
2020-03-18,Total Monitored Articles,542500
2020-03-19,Article Count,0
2020-03-19,Total Monitored Articles,535707
2020-03-20,Article Count,0
2020-03-20,Total Monitored Articles,518601
2020-03-21,Article Count,0
2020-03-21,Total Monitored Articles,329009
2020-03-22,Article Count,0
2020-03-22,Total Monitored Articles,302307
2020-03-23,Article Count,1
2020-03-23,Total Monitored Articles,496911
2020-03-24,Article Count,1
2020-03-24,Total Monitored Articles,528786
2020-03-25,Article Count,1
2020-03-25,Total Monitored Articles,527870
2020-03-26,Article Count,0
2020-03-26,Total Monitored Articles,533637
2020-03-27,Article Count,0
2020-03-27,Total Monitored Articles,511780
2020-03-28,Article Count,0
2020-03-28,Total Monitored Articles,318590
2020-03-29,Article Count,0
2020-03-29,Total Monitored Articles,294367
2020-03-30,Article Count,0
2020-03-30,Total Monitored Articles,494278
2020-03-31,Article Count,0
2020-03-31,Total Monitored Articles,536528
2020-04-01,Article Count,2
2020-04-01,Total Monitored Articles,526181
2020-04-02,Article Count,2
2020-04-02,Total Monitored Articles,526650
2020-04-03,Article Count,0
2020-04-03,Total Monitored Articles,489506
2020-04-04,Article Count,1
2020-04-04,Total Monitored Articles,314741
2020-04-05,Article Count,0
2020-04-05,Total Monitored Articles,278845
2020-04-06,Article Count,1
2020-04-06,Total Monitored Articles,466453
2020-04-07,Article Count,0
2020-04-07,Total Monitored Articles,502840
2020-04-08,Article Count,0
2020-04-08,Total Monitored Articles,505760
2020-04-09,Article Count,0
2020-04-09,Total Monitored Articles,491531
2020-04-10,Article Count,0
2020-04-10,Total Monitored Articles,429373
2020-04-11,Article Count,1
2020-04-11,Total Monitored Articles,296128
2020-04-12,Article Count,0
2020-04-12,Total Monitored Articles,265057
2020-04-13,Article Count,0
2020-04-13,Total Monitored Articles,406443
2020-04-14,Article Count,0
2020-04-14,Total Monitored Articles,489924
2020-04-15,Article Count,0
2020-04-15,Total Monitored Articles,501959
2020-04-16,Article Count,0
2020-04-16,Total Monitored Articles,509304
2020-04-17,Article Count,0
2020-04-17,Total Monitored Articles,480693
2020-04-18,Article Count,1
2020-04-18,Total Monitored Articles,304292
2020-04-19,Article Count,0
2020-04-19,Total Monitored Articles,275929
2020-04-20,Article Count,33
2020-04-20,Total Monitored Articles,449779
2020-04-21,Article Count,6
2020-04-21,Total Monitored Articles,493907
2020-04-22,Article Count,1
2020-04-22,Total Monitored Articles,508327
2020-04-23,Article Count,0
2020-04-23,Total Monitored Articles,511941
2020-04-24,Article Count,0
2020-04-24,Total Monitored Articles,485132
2020-04-25,Article Count,1
2020-04-25,Total Monitored Articles,302795
2020-04-26,Article Count,1
2020-04-26,Total Monitored Articles,280277
2020-04-27,Article Count,0
2020-04-27,Total Monitored Articles,458976
2020-04-28,Article Count,0
2020-04-28,Total Monitored Articles,498612
2020-04-29,Article Count,0
2020-04-29,Total Monitored Articles,501705
2020-04-30,Article Count,0
2020-04-30,Total Monitored Articles,505330
2020-05-01,Article Count,7
2020-05-01,Total Monitored Articles,400582
2020-05-02,Article Count,0
2020-05-02,Total Monitored Articles,290042
2020-05-03,Article Count,1
2020-05-03,Total Monitored Articles,268470
2020-05-04,Article Count,0
2020-05-04,Total Monitored Articles,433281
2020-05-05,Article Count,1
2020-05-05,Total Monitored Articles,478705
2020-05-06,Article Count,0
2020-05-06,Total Monitored Articles,497321
2020-05-07,Article Count,0
2020-05-07,Total Monitored Articles,497932
2020-05-08,Article Count,3
2020-05-08,Total Monitored Articles,477019
2020-05-09,Article Count,0
2020-05-09,Total Monitored Articles,310997
2020-05-10,Article Count,0
2020-05-10,Total Monitored Articles,270463
2020-05-11,Article Count,0
2020-05-11,Total Monitored Articles,441496
2020-05-12,Article Count,1
2020-05-12,Total Monitored Articles,490850
2020-05-13,Article Count,2
2020-05-13,Total Monitored Articles,497828
2020-05-14,Article Count,0
2020-05-14,Total Monitored Articles,494390
2020-05-15,Article Count,15
2020-05-15,Total Monitored Articles,461984
2020-05-16,Article Count,2
2020-05-16,Total Monitored Articles,300044
2020-05-17,Article Count,2
2020-05-17,Total Monitored Articles,265906
2020-05-18,Article Count,2
2020-05-18,Total Monitored Articles,435546
2020-05-19,Article Count,1
2020-05-19,Total Monitored Articles,487475
2020-05-20,Article Count,0
2020-05-20,Total Monitored Articles,497600
2020-05-21,Article Count,0
2020-05-21,Total Monitored Articles,461285
2020-05-22,Article Count,2
2020-05-22,Total Monitored Articles,444681
2020-05-23,Article Count,0
2020-05-23,Total Monitored Articles,282782
2020-05-24,Article Count,0
2020-05-24,Total Monitored Articles,251831
2020-05-25,Article Count,45
2020-05-25,Total Monitored Articles,373645
2020-05-26,Article Count,14
2020-05-26,Total Monitored Articles,449894
2020-05-27,Article Count,27
2020-05-27,Total Monitored Articles,486726
2020-05-28,Article Count,2
2020-05-28,Total Monitored Articles,501271
2020-05-29,Article Count,6
2020-05-29,Total Monitored Articles,474432
2020-05-30,Article Count,6
2020-05-30,Total Monitored Articles,299101
2020-05-31,Article Count,5
2020-05-31,Total Monitored Articles,270905
2020-06-01,Article Count,5
2020-06-01,Total Monitored Articles,433839
2020-06-02,Article Count,1
2020-06-02,Total Monitored Articles,471823
2020-06-03,Article Count,1
2020-06-03,Total Monitored Articles,486796
2020-06-04,Article Count,0
2020-06-04,Total Monitored Articles,479129
2020-06-05,Article Count,0
2020-06-05,Total Monitored Articles,464145
2020-06-06,Article Count,0
2020-06-06,Total Monitored Articles,291667
2020-06-07,Article Count,0
2020-06-07,Total Monitored Articles,264279
2020-06-08,Article Count,0
2020-06-08,Total Monitored Articles,436728
2020-06-09,Article Count,0
2020-06-09,Total Monitored Articles,479708
2020-06-10,Article Count,21
2020-06-10,Total Monitored Articles,486910
2020-06-11,Article Count,2
2020-06-11,Total Monitored Articles,468401
2020-06-12,Article Count,0
2020-06-12,Total Monitored Articles,452304
2020-06-13,Article Count,0
2020-06-13,Total Monitored Articles,289242
2020-06-14,Article Count,0
2020-06-14,Total Monitored Articles,266262
2020-06-15,Article Count,32
2020-06-15,Total Monitored Articles,449543
2020-06-16,Article Count,1
2020-06-16,Total Monitored Articles,487519
2020-06-17,Article Count,3
2020-06-17,Total Monitored Articles,495416
2020-06-18,Article Count,0
2020-06-18,Total Monitored Articles,487914
2020-06-19,Article Count,0
2020-06-19,Total Monitored Articles,463897
2020-06-20,Article Count,0
2020-06-20,Total Monitored Articles,297573
2020-06-21,Article Count,1
2020-06-21,Total Monitored Articles,263932
2020-06-22,Article Count,0
2020-06-22,Total Monitored Articles,441632
2020-06-23,Article Count,10
2020-06-23,Total Monitored Articles,482729
2020-06-24,Article Count,0
2020-06-24,Total Monitored Articles,479839
2020-06-25,Article Count,0
2020-06-25,Total Monitored Articles,469812
2020-06-26,Article Count,0
2020-06-26,Total Monitored Articles,438483
2020-06-27,Article Count,0
2020-06-27,Total Monitored Articles,282680
2020-06-28,Article Count,0
2020-06-28,Total Monitored Articles,273022
2020-06-29,Article Count,0
2020-06-29,Total Monitored Articles,435214
2020-06-30,Article Count,0
2020-06-30,Total Monitored Articles,484577
2020-07-01,Article Count,0
2020-07-01,Total Monitored Articles,483273
2020-07-02,Article Count,1
2020-07-02,Total Monitored Articles,461931
2020-07-03,Article Count,3
2020-07-03,Total Monitored Articles,422390
2020-07-04,Article Count,3
2020-07-04,Total Monitored Articles,274545
2020-07-05,Article Count,0
2020-07-05,Total Monitored Articles,256706
2020-07-06,Article Count,0
2020-07-06,Total Monitored Articles,424766
2020-07-07,Article Count,0
2020-07-07,Total Monitored Articles,471886
2020-07-08,Article Count,0
2020-07-08,Total Monitored Articles,481871
2020-07-09,Article Count,1
2020-07-09,Total Monitored Articles,476175
2020-07-10,Article Count,1
2020-07-10,Total Monitored Articles,445608
2020-07-11,Article Count,1
2020-07-11,Total Monitored Articles,280746
2020-07-12,Article Count,0
2020-07-12,Total Monitored Articles,258307
2020-07-13,Article Count,1
2020-07-13,Total Monitored Articles,431002
2020-07-14,Article Count,0
2020-07-14,Total Monitored Articles,465925
2020-07-15,Article Count,0
2020-07-15,Total Monitored Articles,483461
2020-07-16,Article Count,3
2020-07-16,Total Monitored Articles,473482
2020-07-17,Article Count,0
2020-07-17,Total Monitored Articles,442260
2020-07-18,Article Count,1
2020-07-18,Total Monitored Articles,281635
2020-07-19,Article Count,0
2020-07-19,Total Monitored Articles,254798
2020-07-20,Article Count,0
2020-07-20,Total Monitored Articles,426520
2020-07-21,Article Count,0
2020-07-21,Total Monitored Articles,458273
2020-07-22,Article Count,0
2020-07-22,Total Monitored Articles,468056
2020-07-23,Article Count,2
2020-07-23,Total Monitored Articles,458666
2020-07-24,Article Count,0
2020-07-24,Total Monitored Articles,433123
2020-07-25,Article Count,0
2020-07-25,Total Monitored Articles,273661
2020-07-26,Article Count,0
2020-07-26,Total Monitored Articles,254449
2020-07-27,Article Count,0
2020-07-27,Total Monitored Articles,421989
2020-07-28,Article Count,1
2020-07-28,Total Monitored Articles,454275
2020-07-29,Article Count,0
2020-07-29,Total Monitored Articles,456878
2020-07-30,Article Count,1
2020-07-30,Total Monitored Articles,461352
2020-07-31,Article Count,0
2020-07-31,Total Monitored Articles,427294
2020-08-01,Article Count,0
2020-08-01,Total Monitored Articles,273130
2020-08-02,Article Count,0
2020-08-02,Total Monitored Articles,245217
2020-08-03,Article Count,0
2020-08-03,Total Monitored Articles,405490
2020-08-04,Article Count,0
2020-08-04,Total Monitored Articles,441535
2020-08-05,Article Count,0
2020-08-05,Total Monitored Articles,446742
2020-08-06,Article Count,0
2020-08-06,Total Monitored Articles,454036
2020-08-07,Article Count,1
2020-08-07,Total Monitored Articles,433829
2020-08-08,Article Count,0
2020-08-08,Total Monitored Articles,275032
2020-08-09,Article Count,0
2020-08-09,Total Monitored Articles,253836
2020-08-10,Article Count,0
2020-08-10,Total Monitored Articles,415995
2020-08-11,Article Count,4
2020-08-11,Total Monitored Articles,446609
2020-08-12,Article Count,1
2020-08-12,Total Monitored Articles,447774
2020-08-13,Article Count,1
2020-08-13,Total Monitored Articles,452575
2020-08-14,Article Count,1
2020-08-14,Total Monitored Articles,420848
2020-08-15,Article Count,1
2020-08-15,Total Monitored Articles,268982
2020-08-16,Article Count,2
2020-08-16,Total Monitored Articles,251144
2020-08-17,Article Count,2
2020-08-17,Total Monitored Articles,410906
2020-08-18,Article Count,0
2020-08-18,Total Monitored Articles,450250
2020-08-19,Article Count,0
2020-08-19,Total Monitored Articles,451905
2020-08-20,Article Count,0
2020-08-20,Total Monitored Articles,454529
2020-08-21,Article Count,0
2020-08-21,Total Monitored Articles,427804
2020-08-22,Article Count,0
2020-08-22,Total Monitored Articles,273253
2020-08-23,Article Count,0
2020-08-23,Total Monitored Articles,253893
2020-08-24,Article Count,0
2020-08-24,Total Monitored Articles,415026
2020-08-25,Article Count,0
2020-08-25,Total Monitored Articles,455853
2020-08-26,Article Count,1
2020-08-26,Total Monitored Articles,460525
2020-08-27,Article Count,2
2020-08-27,Total Monitored Articles,457788
2020-08-28,Article Count,3
2020-08-28,Total Monitored Articles,431340
2020-08-29,Article Count,2
2020-08-29,Total Monitored Articles,274180
2020-08-30,Article Count,2
2020-08-30,Total Monitored Articles,243328
2020-08-31,Article Count,0
2020-08-31,Total Monitored Articles,419437
2020-09-01,Article Count,1
2020-09-01,Total Monitored Articles,455789
2020-09-02,Article Count,0
2020-09-02,Total Monitored Articles,461034
2020-09-03,Article Count,2
2020-09-03,Total Monitored Articles,459474
2020-09-04,Article Count,11
2020-09-04,Total Monitored Articles,436602
2020-09-05,Article Count,0
2020-09-05,Total Monitored Articles,275673
2020-09-06,Article Count,4
2020-09-06,Total Monitored Articles,254272
2020-09-07,Article Count,2
2020-09-07,Total Monitored Articles,382487
2020-09-08,Article Count,1
2020-09-08,Total Monitored Articles,438052
2020-09-09,Article Count,4
2020-09-09,Total Monitored Articles,462015
2020-09-10,Article Count,0
2020-09-10,Total Monitored Articles,455784
2020-09-11,Article Count,0
2020-09-11,Total Monitored Articles,424760
2020-09-12,Article Count,0
2020-09-12,Total Monitored Articles,276843
2020-09-13,Article Count,2
2020-09-13,Total Monitored Articles,251070
2020-09-14,Article Count,0
2020-09-14,Total Monitored Articles,423935
2020-09-15,Article Count,1
2020-09-15,Total Monitored Articles,457180
2020-09-16,Article Count,1
2020-09-16,Total Monitored Articles,456138
2020-09-17,Article Count,0
2020-09-17,Total Monitored Articles,459629
2020-09-18,Article Count,0
2020-09-18,Total Monitored Articles,430145
2020-09-19,Article Count,0
2020-09-19,Total Monitored Articles,275172
2020-09-20,Article Count,0
2020-09-20,Total Monitored Articles,245868
2020-09-21,Article Count,0
2020-09-21,Total Monitored Articles,427896
2020-09-22,Article Count,1
2020-09-22,Total Monitored Articles,464430
2020-09-23,Article Count,4
2020-09-23,Total Monitored Articles,481093
2020-09-24,Article Count,0
2020-09-24,Total Monitored Articles,421483
2020-09-25,Article Count,0
2020-09-25,Total Monitored Articles,368896
2020-09-26,Article Count,0
2020-09-26,Total Monitored Articles,211944
2020-09-27,Article Count,1
2020-09-27,Total Monitored Articles,224211
2020-09-28,Article Count,0
2020-09-28,Total Monitored Articles,352269
2020-09-29,Article Count,0
2020-09-29,Total Monitored Articles,382841
2020-09-30,Article Count,0
2020-09-30,Total Monitored Articles,391497
2020-10-01,Article Count,0
2020-10-01,Total Monitored Articles,409202
2020-10-02,Article Count,0
2020-10-02,Total Monitored Articles,364205
2020-10-03,Article Count,0
2020-10-03,Total Monitored Articles,189612
2020-10-04,Article Count,1
2020-10-04,Total Monitored Articles,193400
2020-10-05,Article Count,1
2020-10-05,Total Monitored Articles,306294
2020-10-06,Article Count,0
2020-10-06,Total Monitored Articles,342434
2020-10-07,Article Count,0
2020-10-07,Total Monitored Articles,338152
2020-10-08,Article Count,0
2020-10-08,Total Monitored Articles,355434
2020-10-09,Article Count,0
2020-10-09,Total Monitored Articles,139836
2020-10-10,Article Count,0
2020-10-10,Total Monitored Articles,279311
2020-10-11,Article Count,0
2020-10-11,Total Monitored Articles,227376
2020-10-12,Article Count,2
2020-10-12,Total Monitored Articles,291710
2020-10-13,Article Count,0
2020-10-13,Total Monitored Articles,318111
2020-10-14,Article Count,0
2020-10-14,Total Monitored Articles,295346
2020-10-15,Article Count,0
2020-10-15,Total Monitored Articles,268774
2020-10-16,Article Count,3
2020-10-16,Total Monitored Articles,120244
2020-10-17,Article Count,0
2020-10-17,Total Monitored Articles,199788
2020-10-18,Article Count,0
2020-10-18,Total Monitored Articles,190519
2020-10-19,Article Count,0
2020-10-19,Total Monitored Articles,111249
2020-10-21,Article Count,0
2020-10-21,Total Monitored Articles,252439
2020-10-22,Article Count,0
2020-10-22,Total Monitored Articles,218535
2020-10-23,Article Count,0
2020-10-23,Total Monitored Articles,95334
2020-10-24,Article Count,0
2020-10-24,Total Monitored Articles,93479
2020-10-25,Article Count,0
2020-10-25,Total Monitored Articles,141061
2020-10-26,Article Count,0
2020-10-26,Total Monitored Articles,228806
2020-10-27,Article Count,0
2020-10-27,Total Monitored Articles,223872
2020-10-28,Article Count,1
2020-10-28,Total Monitored Articles,245728
2020-10-29,Article Count,0
2020-10-29,Total Monitored Articles,190672
2020-10-30,Article Count,0
2020-10-30,Total Monitored Articles,115063
2020-10-31,Article Count,0
2020-10-31,Total Monitored Articles,69573
2020-11-01,Article Count,0
2020-11-01,Total Monitored Articles,104263
2020-11-02,Article Count,0
2020-11-02,Total Monitored Articles,195941
2020-11-03,Article Count,0
2020-11-03,Total Monitored Articles,169311
2020-11-04,Article Count,0
2020-11-04,Total Monitored Articles,205079
2020-11-05,Article Count,1
2020-11-05,Total Monitored Articles,150371
2020-11-06,Article Count,0
2020-11-06,Total Monitored Articles,73645
2020-11-07,Article Count,0
2020-11-07,Total Monitored Articles,40463
2020-11-08,Article Count,0
2020-11-08,Total Monitored Articles,70970
2020-11-09,Article Count,0
2020-11-09,Total Monitored Articles,189990
2020-11-10,Article Count,0
2020-11-10,Total Monitored Articles,128611
2020-11-11,Article Count,0
2020-11-11,Total Monitored Articles,151080
2020-11-12,Article Count,0
2020-11-12,Total Monitored Articles,126882
2020-11-13,Article Count,0
2020-11-13,Total Monitored Articles,34096
2020-11-14,Article Count,0
2020-11-14,Total Monitored Articles,10407
2020-11-15,Article Count,0
2020-11-15,Total Monitored Articles,41258
2020-11-16,Article Count,1
2020-11-16,Total Monitored Articles,165302
2020-11-17,Article Count,2
2020-11-17,Total Monitored Articles,148073
2020-11-18,Article Count,0
2020-11-18,Total Monitored Articles,447979
2020-11-19,Article Count,1
2020-11-19,Total Monitored Articles,463572
2020-11-20,Article Count,0
2020-11-20,Total Monitored Articles,442626
2020-11-21,Article Count,0
2020-11-21,Total Monitored Articles,278317
2020-11-22,Article Count,0
2020-11-22,Total Monitored Articles,246932
2020-11-23,Article Count,0
2020-11-23,Total Monitored Articles,411141
2020-11-24,Article Count,1
2020-11-24,Total Monitored Articles,448919
2020-11-25,Article Count,0
2020-11-25,Total Monitored Articles,447213
2020-11-26,Article Count,0
2020-11-26,Total Monitored Articles,406221
2020-11-27,Article Count,0
2020-11-27,Total Monitored Articles,385161
2020-11-28,Article Count,0
2020-11-28,Total Monitored Articles,260516
2020-11-29,Article Count,1
2020-11-29,Total Monitored Articles,245823
2020-11-30,Article Count,0
2020-11-30,Total Monitored Articles,404039
2020-12-01,Article Count,4
2020-12-01,Total Monitored Articles,445234
2020-12-02,Article Count,5
2020-12-02,Total Monitored Articles,451967
2020-12-03,Article Count,5
2020-12-03,Total Monitored Articles,449534
2020-12-04,Article Count,2
2020-12-04,Total Monitored Articles,423831
2020-12-05,Article Count,4
2020-12-05,Total Monitored Articles,269516
2020-12-06,Article Count,0
2020-12-06,Total Monitored Articles,244888
2020-12-07,Article Count,0
2020-12-07,Total Monitored Articles,399530
2020-12-08,Article Count,0
2020-12-08,Total Monitored Articles,434832
2020-12-09,Article Count,0
2020-12-09,Total Monitored Articles,453379
2020-12-10,Article Count,0
2020-12-10,Total Monitored Articles,451106
2020-12-11,Article Count,2
2020-12-11,Total Monitored Articles,432311
2020-12-12,Article Count,1
2020-12-12,Total Monitored Articles,279784
2020-12-13,Article Count,0
2020-12-13,Total Monitored Articles,242656
2020-12-14,Article Count,0
2020-12-14,Total Monitored Articles,388462
2020-12-15,Article Count,0
2020-12-15,Total Monitored Articles,433473
2020-12-16,Article Count,0
2020-12-16,Total Monitored Articles,435856
2020-12-17,Article Count,2
2020-12-17,Total Monitored Articles,433762
2020-12-18,Article Count,7
2020-12-18,Total Monitored Articles,408678
2020-12-19,Article Count,0
2020-12-19,Total Monitored Articles,261458
2020-12-20,Article Count,3
2020-12-20,Total Monitored Articles,235551
2020-12-21,Article Count,1
2020-12-21,Total Monitored Articles,380622
2020-12-22,Article Count,0
2020-12-22,Total Monitored Articles,402524
2020-12-23,Article Count,0
2020-12-23,Total Monitored Articles,396345
2020-12-24,Article Count,0
2020-12-24,Total Monitored Articles,330134
2020-12-25,Article Count,0
2020-12-25,Total Monitored Articles,237628
2020-12-26,Article Count,0
2020-12-26,Total Monitored Articles,211666
2020-12-27,Article Count,0
2020-12-27,Total Monitored Articles,218056
2020-12-28,Article Count,0
2020-12-28,Total Monitored Articles,339509
2020-12-29,Article Count,0
2020-12-29,Total Monitored Articles,368946
2020-12-30,Article Count,0
2020-12-30,Total Monitored Articles,370147
2020-12-31,Article Count,0
2020-12-31,Total Monitored Articles,321992
2021-01-01,Article Count,0
2021-01-01,Total Monitored Articles,231089
2021-01-02,Article Count,0
2021-01-02,Total Monitored Articles,218342
2021-01-03,Article Count,0
2021-01-03,Total Monitored Articles,218408
2021-01-04,Article Count,6
2021-01-04,Total Monitored Articles,359283
2021-01-05,Article Count,2
2021-01-05,Total Monitored Articles,395722
2021-01-06,Article Count,1
2021-01-06,Total Monitored Articles,390565
2021-01-07,Article Count,2
2021-01-07,Total Monitored Articles,407743
2021-01-08,Article Count,0
2021-01-08,Total Monitored Articles,391721
2021-01-09,Article Count,0
2021-01-09,Total Monitored Articles,260446
2021-01-10,Article Count,1
2021-01-10,Total Monitored Articles,232354
2021-01-11,Article Count,0
2021-01-11,Total Monitored Articles,386901
2021-01-12,Article Count,0
2021-01-12,Total Monitored Articles,423924
2021-01-13,Article Count,0
2021-01-13,Total Monitored Articles,437044
2021-01-14,Article Count,0
2021-01-14,Total Monitored Articles,431183
2021-01-15,Article Count,0
2021-01-15,Total Monitored Articles,414351
2021-01-16,Article Count,0
2021-01-16,Total Monitored Articles,262202
2021-01-17,Article Count,0
2021-01-17,Total Monitored Articles,237681
2021-01-18,Article Count,0
2021-01-18,Total Monitored Articles,376283
2021-01-19,Article Count,0
2021-01-19,Total Monitored Articles,416507
2021-01-20,Article Count,1
2021-01-20,Total Monitored Articles,430952
2021-01-21,Article Count,1
2021-01-21,Total Monitored Articles,426349
2021-01-22,Article Count,1
2021-01-22,Total Monitored Articles,412078
2021-01-23,Article Count,3
2021-01-23,Total Monitored Articles,260208
2021-01-24,Article Count,0
2021-01-24,Total Monitored Articles,233228
2021-01-25,Article Count,0
2021-01-25,Total Monitored Articles,392007
2021-01-26,Article Count,0
2021-01-26,Total Monitored Articles,425535
2021-01-27,Article Count,0
2021-01-27,Total Monitored Articles,439973
2021-01-28,Article Count,2
2021-01-28,Total Monitored Articles,439009
2021-01-29,Article Count,0
2021-01-29,Total Monitored Articles,417688
2021-01-30,Article Count,0
2021-01-30,Total Monitored Articles,265908
2021-01-31,Article Count,0
2021-01-31,Total Monitored Articles,248519
2021-02-01,Article Count,0
2021-02-01,Total Monitored Articles,401219
2021-02-02,Article Count,0
2021-02-02,Total Monitored Articles,431507
2021-02-03,Article Count,0
2021-02-03,Total Monitored Articles,433379
2021-02-04,Article Count,0
2021-02-04,Total Monitored Articles,415419
2021-02-05,Article Count,0
2021-02-05,Total Monitored Articles,412610
2021-02-06,Article Count,0
2021-02-06,Total Monitored Articles,259619
2021-02-07,Article Count,0
2021-02-07,Total Monitored Articles,238624
2021-02-08,Article Count,1
2021-02-08,Total Monitored Articles,387385
2021-02-09,Article Count,4
2021-02-09,Total Monitored Articles,426043
2021-02-10,Article Count,2
2021-02-10,Total Monitored Articles,423172
2021-02-11,Article Count,1
2021-02-11,Total Monitored Articles,405330
2021-02-12,Article Count,0
2021-02-12,Total Monitored Articles,383719
2021-02-13,Article Count,0
2021-02-13,Total Monitored Articles,259387
2021-02-14,Article Count,0
2021-02-14,Total Monitored Articles,236759
2021-02-15,Article Count,2
2021-02-15,Total Monitored Articles,353226
2021-02-16,Article Count,2
2021-02-16,Total Monitored Articles,393531
2021-02-17,Article Count,0
2021-02-17,Total Monitored Articles,419319
2021-02-18,Article Count,1
2021-02-18,Total Monitored Articles,428304
2021-02-19,Article Count,0
2021-02-19,Total Monitored Articles,409264
2021-02-20,Article Count,0
2021-02-20,Total Monitored Articles,271186
2021-02-21,Article Count,0
2021-02-21,Total Monitored Articles,232090
2021-02-22,Article Count,0
2021-02-22,Total Monitored Articles,378007
2021-02-23,Article Count,1
2021-02-23,Total Monitored Articles,412579
2021-02-24,Article Count,0
2021-02-24,Total Monitored Articles,427161
2021-02-25,Article Count,0
2021-02-25,Total Monitored Articles,428203
2021-02-26,Article Count,0
2021-02-26,Total Monitored Articles,409406
2021-02-27,Article Count,1
2021-02-27,Total Monitored Articles,259889
2021-02-28,Article Count,0
2021-02-28,Total Monitored Articles,229907
2021-03-01,Article Count,1
2021-03-01,Total Monitored Articles,389441
2021-03-02,Article Count,0
2021-03-02,Total Monitored Articles,422417
2021-03-03,Article Count,0
2021-03-03,Total Monitored Articles,430153
2021-03-04,Article Count,1
2021-03-04,Total Monitored Articles,424090
2021-03-05,Article Count,0
2021-03-05,Total Monitored Articles,404974
2021-03-06,Article Count,0
2021-03-06,Total Monitored Articles,258775
2021-03-07,Article Count,0
2021-03-07,Total Monitored Articles,233522
2021-03-08,Article Count,0
2021-03-08,Total Monitored Articles,374748
2021-03-09,Article Count,1
2021-03-09,Total Monitored Articles,417682
2021-03-10,Article Count,2
2021-03-10,Total Monitored Articles,425267
2021-03-11,Article Count,0
2021-03-11,Total Monitored Articles,425476
2021-03-12,Article Count,0
2021-03-12,Total Monitored Articles,400563
2021-03-13,Article Count,0
2021-03-13,Total Monitored Articles,254595
2021-03-14,Article Count,0
2021-03-14,Total Monitored Articles,230628
2021-03-15,Article Count,1
2021-03-15,Total Monitored Articles,392200
2021-03-16,Article Count,0
2021-03-16,Total Monitored Articles,418834
2021-03-17,Article Count,30
2021-03-17,Total Monitored Articles,426273
2021-03-18,Article Count,0
2021-03-18,Total Monitored Articles,415973
2021-03-19,Article Count,0
2021-03-19,Total Monitored Articles,397271
2021-03-20,Article Count,0
2021-03-20,Total Monitored Articles,249955
2021-03-21,Article Count,0
2021-03-21,Total Monitored Articles,226753
2021-03-22,Article Count,0
2021-03-22,Total Monitored Articles,384572
2021-03-23,Article Count,0
2021-03-23,Total Monitored Articles,420660
2021-03-24,Article Count,0
2021-03-24,Total Monitored Articles,422002
2021-03-25,Article Count,1
2021-03-25,Total Monitored Articles,425408
2021-03-26,Article Count,0
2021-03-26,Total Monitored Articles,405401
2021-03-27,Article Count,0
2021-03-27,Total Monitored Articles,252157
2021-03-28,Article Count,0
2021-03-28,Total Monitored Articles,227962
2021-03-29,Article Count,0
2021-03-29,Total Monitored Articles,376131
2021-03-30,Article Count,0
2021-03-30,Total Monitored Articles,416220
2021-03-31,Article Count,0
2021-03-31,Total Monitored Articles,423604
2021-04-01,Article Count,0
2021-04-01,Total Monitored Articles,402365
2021-04-02,Article Count,0
2021-04-02,Total Monitored Articles,340309
2021-04-03,Article Count,0
2021-04-03,Total Monitored Articles,232977
2021-04-04,Article Count,3
2021-04-04,Total Monitored Articles,211641
2021-04-05,Article Count,0
2021-04-05,Total Monitored Articles,318343
2021-04-06,Article Count,0
2021-04-06,Total Monitored Articles,397183
2021-04-07,Article Count,0
2021-04-07,Total Monitored Articles,414740
2021-04-08,Article Count,0
2021-04-08,Total Monitored Articles,407848
2021-04-09,Article Count,0
2021-04-09,Total Monitored Articles,390248
2021-04-10,Article Count,0
2021-04-10,Total Monitored Articles,247005
2021-04-11,Article Count,0
2021-04-11,Total Monitored Articles,226188
2021-04-12,Article Count,1
2021-04-12,Total Monitored Articles,380105
2021-04-13,Article Count,0
2021-04-13,Total Monitored Articles,407615
2021-04-14,Article Count,0
2021-04-14,Total Monitored Articles,405065
2021-04-15,Article Count,0
2021-04-15,Total Monitored Articles,408883
2021-04-16,Article Count,0
2021-04-16,Total Monitored Articles,391221
2021-04-17,Article Count,0
2021-04-17,Total Monitored Articles,242394
2021-04-18,Article Count,0
2021-04-18,Total Monitored Articles,222834
2021-04-19,Article Count,0
2021-04-19,Total Monitored Articles,378187
2021-04-20,Article Count,0
2021-04-20,Total Monitored Articles,409399
2021-04-21,Article Count,0
2021-04-21,Total Monitored Articles,403666
2021-04-22,Article Count,0
2021-04-22,Total Monitored Articles,416210
2021-04-23,Article Count,0
2021-04-23,Total Monitored Articles,387641
2021-04-24,Article Count,0
2021-04-24,Total Monitored Articles,246439
2021-04-25,Article Count,0
2021-04-25,Total Monitored Articles,227957
2021-04-26,Article Count,2
2021-04-26,Total Monitored Articles,380105
2021-04-27,Article Count,0
2021-04-27,Total Monitored Articles,403525
2021-04-28,Article Count,0
2021-04-28,Total Monitored Articles,408538
2021-04-29,Article Count,0
2021-04-29,Total Monitored Articles,410524
2021-04-30,Article Count,0
2021-04-30,Total Monitored Articles,379361
2021-05-01,Article Count,0
2021-05-01,Total Monitored Articles,234433
2021-05-02,Article Count,0
2021-05-02,Total Monitored Articles,215069
2021-05-03,Article Count,0
2021-05-03,Total Monitored Articles,326859
2021-05-04,Article Count,0
2021-05-04,Total Monitored Articles,366636
2021-05-05,Article Count,0
2021-05-05,Total Monitored Articles,390845
2021-05-06,Article Count,0
2021-05-06,Total Monitored Articles,399273
2021-05-07,Article Count,0
2021-05-07,Total Monitored Articles,380651
2021-05-08,Article Count,0
2021-05-08,Total Monitored Articles,249175
2021-05-09,Article Count,0
2021-05-09,Total Monitored Articles,224361
2021-05-10,Article Count,0
2021-05-10,Total Monitored Articles,362397
2021-05-11,Article Count,0
2021-05-11,Total Monitored Articles,401775
2021-05-12,Article Count,0
2021-05-12,Total Monitored Articles,404441
2021-05-13,Article Count,0
2021-05-13,Total Monitored Articles,378186
2021-05-14,Article Count,0
2021-05-14,Total Monitored Articles,368120
2021-05-15,Article Count,0
2021-05-15,Total Monitored Articles,233930
2021-05-16,Article Count,0
2021-05-16,Total Monitored Articles,217078
2021-05-17,Article Count,0
2021-05-17,Total Monitored Articles,366389
2021-05-18,Article Count,0
2021-05-18,Total Monitored Articles,400577
2021-05-19,Article Count,0
2021-05-19,Total Monitored Articles,407435
2021-05-20,Article Count,0
2021-05-20,Total Monitored Articles,405834
2021-05-21,Article Count,0
2021-05-21,Total Monitored Articles,381142
2021-05-22,Article Count,0
2021-05-22,Total Monitored Articles,241441
2021-05-23,Article Count,0
2021-05-23,Total Monitored Articles,216325
2021-05-24,Article Count,0
2021-05-24,Total Monitored Articles,345639
2021-05-25,Article Count,0
2021-05-25,Total Monitored Articles,392442
2021-05-26,Article Count,0
2021-05-26,Total Monitored Articles,396901
2021-05-27,Article Count,0
2021-05-27,Total Monitored Articles,401744
2021-05-28,Article Count,1
2021-05-28,Total Monitored Articles,377409
2021-05-29,Article Count,0
2021-05-29,Total Monitored Articles,232977
2021-05-30,Article Count,0
2021-05-30,Total Monitored Articles,212810
2021-05-31,Article Count,0
2021-05-31,Total Monitored Articles,324150
2021-06-01,Article Count,0
2021-06-01,Total Monitored Articles,376617
2021-06-02,Article Count,0
2021-06-02,Total Monitored Articles,384568
2021-06-03,Article Count,0
2021-06-03,Total Monitored Articles,381811
2021-06-04,Article Count,0
2021-06-04,Total Monitored Articles,369739
2021-06-05,Article Count,0
2021-06-05,Total Monitored Articles,232348
2021-06-06,Article Count,0
2021-06-06,Total Monitored Articles,213886
2021-06-07,Article Count,0
2021-06-07,Total Monitored Articles,354476
2021-06-08,Article Count,1
2021-06-08,Total Monitored Articles,388002
2021-06-09,Article Count,0
2021-06-09,Total Monitored Articles,392876
2021-06-10,Article Count,0
2021-06-10,Total Monitored Articles,391875
2021-06-11,Article Count,0
2021-06-11,Total Monitored Articles,372657
2021-06-12,Article Count,0
2021-06-12,Total Monitored Articles,231988
2021-06-13,Article Count,0
2021-06-13,Total Monitored Articles,210210
2021-06-14,Article Count,1
2021-06-14,Total Monitored Articles,340462
2021-06-15,Article Count,0
2021-06-15,Total Monitored Articles,388720
2021-06-16,Article Count,0
2021-06-16,Total Monitored Articles,391468
2021-06-17,Article Count,0
2021-06-17,Total Monitored Articles,388809
2021-06-18,Article Count,0
2021-06-18,Total Monitored Articles,366728
2021-06-19,Article Count,0
2021-06-19,Total Monitored Articles,225981
2021-06-20,Article Count,0
2021-06-20,Total Monitored Articles,211344
2021-06-21,Article Count,0
2021-06-21,Total Monitored Articles,350375
2021-06-22,Article Count,0
2021-06-22,Total Monitored Articles,382590
2021-06-23,Article Count,1
2021-06-23,Total Monitored Articles,391285
2021-06-24,Article Count,0
2021-06-24,Total Monitored Articles,386663
2021-06-25,Article Count,0
2021-06-25,Total Monitored Articles,366127
2021-06-26,Article Count,0
2021-06-26,Total Monitored Articles,229660
2021-06-27,Article Count,0
2021-06-27,Total Monitored Articles,212448
2021-06-28,Article Count,2
2021-06-28,Total Monitored Articles,353609
2021-06-29,Article Count,0
2021-06-29,Total Monitored Articles,380027
2021-06-30,Article Count,1
2021-06-30,Total Monitored Articles,393756
2021-07-01,Article Count,0
2021-07-01,Total Monitored Articles,389707
2021-07-02,Article Count,14
2021-07-02,Total Monitored Articles,358279
2021-07-03,Article Count,4
2021-07-03,Total Monitored Articles,221766
2021-07-04,Article Count,0
2021-07-04,Total Monitored Articles,206103
2021-07-05,Article Count,0
2021-07-05,Total Monitored Articles,321800
2021-07-06,Article Count,0
2021-07-06,Total Monitored Articles,365276
2021-07-07,Article Count,0
2021-07-07,Total Monitored Articles,388453
2021-07-08,Article Count,0
2021-07-08,Total Monitored Articles,383126
2021-07-09,Article Count,0
2021-07-09,Total Monitored Articles,359733
2021-07-10,Article Count,0
2021-07-10,Total Monitored Articles,225901
2021-07-11,Article Count,1
2021-07-11,Total Monitored Articles,207277
2021-07-12,Article Count,0
2021-07-12,Total Monitored Articles,345276
2021-07-13,Article Count,1
2021-07-13,Total Monitored Articles,379105
2021-07-14,Article Count,5
2021-07-14,Total Monitored Articles,383837
2021-07-15,Article Count,1
2021-07-15,Total Monitored Articles,383965
2021-07-16,Article Count,0
2021-07-16,Total Monitored Articles,362193
2021-07-17,Article Count,0
2021-07-17,Total Monitored Articles,232246
2021-07-18,Article Count,0
2021-07-18,Total Monitored Articles,208346
2021-07-19,Article Count,0
2021-07-19,Total Monitored Articles,341886
2021-07-20,Article Count,1
2021-07-20,Total Monitored Articles,363247
2021-07-21,Article Count,0
2021-07-21,Total Monitored Articles,365772
2021-07-22,Article Count,1
2021-07-22,Total Monitored Articles,364050
2021-07-23,Article Count,1
2021-07-23,Total Monitored Articles,351774
2021-07-24,Article Count,0
2021-07-24,Total Monitored Articles,222263
2021-07-25,Article Count,5
2021-07-25,Total Monitored Articles,206625
2021-07-26,Article Count,0
2021-07-26,Total Monitored Articles,339918
2021-07-27,Article Count,0
2021-07-27,Total Monitored Articles,368488
2021-07-28,Article Count,0
2021-07-28,Total Monitored Articles,372945
2021-07-29,Article Count,0
2021-07-29,Total Monitored Articles,340575
2021-07-30,Article Count,0
2021-07-30,Total Monitored Articles,295176
2021-07-31,Article Count,0
2021-07-31,Total Monitored Articles,179518
2021-08-01,Article Count,0
2021-08-01,Total Monitored Articles,176789
2021-08-02,Article Count,0
2021-08-02,Total Monitored Articles,279820
2021-08-03,Article Count,0
2021-08-03,Total Monitored Articles,312044
2021-08-04,Article Count,0
2021-08-04,Total Monitored Articles,326653
2021-08-05,Article Count,4
2021-08-05,Total Monitored Articles,312187
2021-08-06,Article Count,4
2021-08-06,Total Monitored Articles,275945
2021-08-07,Article Count,0
2021-08-07,Total Monitored Articles,145166
2021-08-08,Article Count,0
2021-08-08,Total Monitored Articles,143688
2021-08-09,Article Count,0
2021-08-09,Total Monitored Articles,257737
2021-08-10,Article Count,0
2021-08-10,Total Monitored Articles,265910
2021-08-11,Article Count,0
2021-08-11,Total Monitored Articles,276749
2021-08-12,Article Count,0
2021-08-12,Total Monitored Articles,269766
2021-08-13,Article Count,5
2021-08-13,Total Monitored Articles,231316
2021-08-14,Article Count,0
2021-08-14,Total Monitored Articles,109615
2021-08-15,Article Count,1
2021-08-15,Total Monitored Articles,107839
2021-08-16,Article Count,1
2021-08-16,Total Monitored Articles,215053
2021-08-17,Article Count,3
2021-08-17,Total Monitored Articles,227926
2021-08-18,Article Count,0
2021-08-18,Total Monitored Articles,230675
2021-08-19,Article Count,0
2021-08-19,Total Monitored Articles,334923
2021-08-20,Article Count,0
2021-08-20,Total Monitored Articles,338763
2021-08-21,Article Count,0
2021-08-21,Total Monitored Articles,218918
2021-08-22,Article Count,0
2021-08-22,Total Monitored Articles,203092
2021-08-23,Article Count,0
2021-08-23,Total Monitored Articles,330440
2021-08-24,Article Count,0
2021-08-24,Total Monitored Articles,362811
2021-08-25,Article Count,0
2021-08-25,Total Monitored Articles,372972
2021-08-26,Article Count,10
2021-08-26,Total Monitored Articles,364724
2021-08-27,Article Count,10
2021-08-27,Total Monitored Articles,340515
2021-08-28,Article Count,1
2021-08-28,Total Monitored Articles,223521
2021-08-29,Article Count,0
2021-08-29,Total Monitored Articles,204924
2021-08-30,Article Count,5
2021-08-30,Total Monitored Articles,331616
2021-08-31,Article Count,1
2021-08-31,Total Monitored Articles,368455
2021-09-01,Article Count,0
2021-09-01,Total Monitored Articles,380462
2021-09-02,Article Count,10
2021-09-02,Total Monitored Articles,374522
2021-09-03,Article Count,3
2021-09-03,Total Monitored Articles,351895
2021-09-04,Article Count,0
2021-09-04,Total Monitored Articles,219237
2021-09-05,Article Count,0
2021-09-05,Total Monitored Articles,204550
2021-09-06,Article Count,0
2021-09-06,Total Monitored Articles,308314
2021-09-07,Article Count,0
2021-09-07,Total Monitored Articles,357952
2021-09-08,Article Count,0
2021-09-08,Total Monitored Articles,373728
2021-09-09,Article Count,0
2021-09-09,Total Monitored Articles,373589
2021-09-10,Article Count,14
2021-09-10,Total Monitored Articles,357553
2021-09-11,Article Count,1
2021-09-11,Total Monitored Articles,230006
2021-09-12,Article Count,0
2021-09-12,Total Monitored Articles,206056
2021-09-13,Article Count,0
2021-09-13,Total Monitored Articles,352376
2021-09-14,Article Count,0
2021-09-14,Total Monitored Articles,384076
2021-09-15,Article Count,0
2021-09-15,Total Monitored Articles,384744
2021-09-16,Article Count,0
2021-09-16,Total Monitored Articles,377865
2021-09-17,Article Count,0
2021-09-17,Total Monitored Articles,359295
2021-09-18,Article Count,0
2021-09-18,Total Monitored Articles,236146
2021-09-19,Article Count,0
2021-09-19,Total Monitored Articles,207134
2021-09-20,Article Count,0
2021-09-20,Total Monitored Articles,336223
2021-09-21,Article Count,0
2021-09-21,Total Monitored Articles,361118
2021-09-22,Article Count,0
2021-09-22,Total Monitored Articles,381335
2021-09-23,Article Count,0
2021-09-23,Total Monitored Articles,381061
2021-09-24,Article Count,0
2021-09-24,Total Monitored Articles,358355
2021-09-25,Article Count,0
2021-09-25,Total Monitored Articles,242816
2021-09-26,Article Count,0
2021-09-26,Total Monitored Articles,255235
2021-09-27,Article Count,0
2021-09-27,Total Monitored Articles,384149
2021-09-28,Article Count,0
2021-09-28,Total Monitored Articles,404663
2021-09-29,Article Count,0
2021-09-29,Total Monitored Articles,404109
2021-09-30,Article Count,0
2021-09-30,Total Monitored Articles,401875
2021-10-01,Article Count,0
2021-10-01,Total Monitored Articles,368440
2021-10-02,Article Count,0
2021-10-02,Total Monitored Articles,237694
2021-10-03,Article Count,0
2021-10-03,Total Monitored Articles,213071
2021-10-04,Article Count,0
2021-10-04,Total Monitored Articles,351991
2021-10-05,Article Count,0
2021-10-05,Total Monitored Articles,381070
2021-10-06,Article Count,0
2021-10-06,Total Monitored Articles,381803
2021-10-07,Article Count,0
2021-10-07,Total Monitored Articles,382699
2021-10-08,Article Count,0
2021-10-08,Total Monitored Articles,368163
2021-10-09,Article Count,1
2021-10-09,Total Monitored Articles,236194
2021-10-10,Article Count,0
2021-10-10,Total Monitored Articles,206244
2021-10-11,Article Count,0
2021-10-11,Total Monitored Articles,336346
2021-10-12,Article Count,0
2021-10-12,Total Monitored Articles,375436
2021-10-13,Article Count,0
2021-10-13,Total Monitored Articles,384284
2021-10-14,Article Count,0
2021-10-14,Total Monitored Articles,380497
2021-10-15,Article Count,0
2021-10-15,Total Monitored Articles,356676
2021-10-16,Article Count,0
2021-10-16,Total Monitored Articles,215792
2021-10-17,Article Count,0
2021-10-17,Total Monitored Articles,192232
2021-10-18,Article Count,0
2021-10-18,Total Monitored Articles,343989
2021-10-19,Article Count,0
2021-10-19,Total Monitored Articles,379717
2021-10-20,Article Count,0
2021-10-20,Total Monitored Articles,385492
2021-10-21,Article Count,0
2021-10-21,Total Monitored Articles,387433
2021-10-22,Article Count,3
2021-10-22,Total Monitored Articles,367549
2021-10-23,Article Count,0
2021-10-23,Total Monitored Articles,225010
2021-10-24,Article Count,0
2021-10-24,Total Monitored Articles,196661
2021-10-25,Article Count,0
2021-10-25,Total Monitored Articles,346567
2021-10-26,Article Count,0
2021-10-26,Total Monitored Articles,376112
2021-10-27,Article Count,0
2021-10-27,Total Monitored Articles,382700
2021-10-28,Article Count,0
2021-10-28,Total Monitored Articles,381980
2021-10-29,Article Count,1
2021-10-29,Total Monitored Articles,365897
2021-10-30,Article Count,0
2021-10-30,Total Monitored Articles,229379
2021-10-31,Article Count,0
2021-10-31,Total Monitored Articles,213512
2021-11-01,Article Count,0
2021-11-01,Total Monitored Articles,327454
2021-11-02,Article Count,0
2021-11-02,Total Monitored Articles,370917
2021-11-03,Article Count,0
2021-11-03,Total Monitored Articles,385006
2021-11-04,Article Count,1
2021-11-04,Total Monitored Articles,374907
2021-11-05,Article Count,0
2021-11-05,Total Monitored Articles,355295
2021-11-06,Article Count,0
2021-11-06,Total Monitored Articles,229828
2021-11-07,Article Count,0
2021-11-07,Total Monitored Articles,196085
2021-11-08,Article Count,1
2021-11-08,Total Monitored Articles,349188
2021-11-09,Article Count,0
2021-11-09,Total Monitored Articles,380940
2021-11-10,Article Count,0
2021-11-10,Total Monitored Articles,385882
2021-11-11,Article Count,0
2021-11-11,Total Monitored Articles,380531
2021-11-12,Article Count,0
2021-11-12,Total Monitored Articles,365443
2021-11-13,Article Count,0
2021-11-13,Total Monitored Articles,226276
2021-11-14,Article Count,0
2021-11-14,Total Monitored Articles,203937
2021-11-15,Article Count,1
2021-11-15,Total Monitored Articles,346856
2021-11-16,Article Count,0
2021-11-16,Total Monitored Articles,374798
2021-11-17,Article Count,0
2021-11-17,Total Monitored Articles,380060
2021-11-18,Article Count,0
2021-11-18,Total Monitored Articles,381398
2021-11-19,Article Count,0
2021-11-19,Total Monitored Articles,364689
2021-11-20,Article Count,0
2021-11-20,Total Monitored Articles,217797
2021-11-21,Article Count,0
2021-11-21,Total Monitored Articles,194220
2021-11-22,Article Count,0
2021-11-22,Total Monitored Articles,350291
2021-11-23,Article Count,2
2021-11-23,Total Monitored Articles,374933
2021-11-24,Article Count,3
2021-11-24,Total Monitored Articles,378786
2021-11-25,Article Count,0
2021-11-25,Total Monitored Articles,346524
2021-11-26,Article Count,0
2021-11-26,Total Monitored Articles,328773
2021-11-27,Article Count,0
2021-11-27,Total Monitored Articles,217641
2021-11-28,Article Count,0
2021-11-28,Total Monitored Articles,199566
2021-11-29,Article Count,0
2021-11-29,Total Monitored Articles,345904
2021-11-30,Article Count,0
2021-11-30,Total Monitored Articles,377814
2021-12-01,Article Count,1
2021-12-01,Total Monitored Articles,383753
2021-12-02,Article Count,0
2021-12-02,Total Monitored Articles,384100
2021-12-03,Article Count,0
2021-12-03,Total Monitored Articles,359381
2021-12-04,Article Count,0
2021-12-04,Total Monitored Articles,225440
2021-12-05,Article Count,0
2021-12-05,Total Monitored Articles,202306
2021-12-06,Article Count,0
2021-12-06,Total Monitored Articles,339338
2021-12-07,Article Count,0
2021-12-07,Total Monitored Articles,367530
2021-12-08,Article Count,0
2021-12-08,Total Monitored Articles,367730
2021-12-09,Article Count,1
2021-12-09,Total Monitored Articles,381101
2021-12-10,Article Count,0
2021-12-10,Total Monitored Articles,363839
2021-12-11,Article Count,0
2021-12-11,Total Monitored Articles,232820
2021-12-12,Article Count,0
2021-12-12,Total Monitored Articles,203844
2021-12-13,Article Count,0
2021-12-13,Total Monitored Articles,338988
2021-12-14,Article Count,0
2021-12-14,Total Monitored Articles,372356
2021-12-15,Article Count,0
2021-12-15,Total Monitored Articles,382594
2021-12-16,Article Count,0
2021-12-16,Total Monitored Articles,376083
2021-12-17,Article Count,0
2021-12-17,Total Monitored Articles,361627
2021-12-18,Article Count,0
2021-12-18,Total Monitored Articles,225028
2021-12-19,Article Count,0
2021-12-19,Total Monitored Articles,196389
2021-12-20,Article Count,0
2021-12-20,Total Monitored Articles,334764
2021-12-21,Article Count,0
2021-12-21,Total Monitored Articles,360679
2021-12-22,Article Count,0
2021-12-22,Total Monitored Articles,351147
2021-12-23,Article Count,0
2021-12-23,Total Monitored Articles,338407
2021-12-24,Article Count,0
2021-12-24,Total Monitored Articles,267031
2021-12-25,Article Count,0
2021-12-25,Total Monitored Articles,146777
2021-12-26,Article Count,0
2021-12-26,Total Monitored Articles,168868
2021-12-27,Article Count,0
2021-12-27,Total Monitored Articles,272605
2021-12-28,Article Count,0
2021-12-28,Total Monitored Articles,305886
2021-12-29,Article Count,3
2021-12-29,Total Monitored Articles,315669
2021-12-30,Article Count,0
2021-12-30,Total Monitored Articles,311317
2021-12-31,Article Count,0
2021-12-31,Total Monitored Articles,258434
2022-01-01,Article Count,0
2022-01-01,Total Monitored Articles,149414
2022-01-02,Article Count,1
2022-01-02,Total Monitored Articles,161094
2022-01-03,Article Count,0
2022-01-03,Total Monitored Articles,265545
2022-01-04,Article Count,0
2022-01-04,Total Monitored Articles,333148
2022-01-05,Article Count,0
2022-01-05,Total Monitored Articles,348263
2022-01-06,Article Count,0
2022-01-06,Total Monitored Articles,332107
2022-01-07,Article Count,0
2022-01-07,Total Monitored Articles,324847
2022-01-08,Article Count,0
2022-01-08,Total Monitored Articles,217492
2022-01-09,Article Count,0
2022-01-09,Total Monitored Articles,183683
2022-01-10,Article Count,0
2022-01-10,Total Monitored Articles,330918
2022-01-11,Article Count,0
2022-01-11,Total Monitored Articles,363627
2022-01-12,Article Count,0
2022-01-12,Total Monitored Articles,371547
2022-01-13,Article Count,4
2022-01-13,Total Monitored Articles,376142
2022-01-14,Article Count,0
2022-01-14,Total Monitored Articles,354941
2022-01-15,Article Count,0
2022-01-15,Total Monitored Articles,220429
2022-01-16,Article Count,0
2022-01-16,Total Monitored Articles,203402
2022-01-17,Article Count,0
2022-01-17,Total Monitored Articles,311847
2022-01-18,Article Count,0
2022-01-18,Total Monitored Articles,361664
2022-01-19,Article Count,0
2022-01-19,Total Monitored Articles,382479
2022-01-20,Article Count,0
2022-01-20,Total Monitored Articles,380848
2022-01-21,Article Count,0
2022-01-21,Total Monitored Articles,347880
2022-01-22,Article Count,0
2022-01-22,Total Monitored Articles,225195
2022-01-23,Article Count,0
2022-01-23,Total Monitored Articles,199935
2022-01-24,Article Count,0
2022-01-24,Total Monitored Articles,339974
2022-01-25,Article Count,0
2022-01-25,Total Monitored Articles,368348
2022-01-26,Article Count,0
2022-01-26,Total Monitored Articles,371141
2022-01-27,Article Count,0
2022-01-27,Total Monitored Articles,374110
2022-01-28,Article Count,0
2022-01-28,Total Monitored Articles,354026
2022-01-29,Article Count,0
2022-01-29,Total Monitored Articles,228536
2022-01-30,Article Count,0
2022-01-30,Total Monitored Articles,202093
2022-01-31,Article Count,0
2022-01-31,Total Monitored Articles,317480
2022-02-01,Article Count,0
2022-02-01,Total Monitored Articles,350519
2022-02-02,Article Count,0
2022-02-02,Total Monitored Articles,356034
2022-02-03,Article Count,0
2022-02-03,Total Monitored Articles,356601
2022-02-04,Article Count,0
2022-02-04,Total Monitored Articles,336205
2022-02-05,Article Count,0
2022-02-05,Total Monitored Articles,221761
2022-02-06,Article Count,0
2022-02-06,Total Monitored Articles,201336
2022-02-07,Article Count,0
2022-02-07,Total Monitored Articles,321429
2022-02-08,Article Count,0
2022-02-08,Total Monitored Articles,364934
2022-02-09,Article Count,0
2022-02-09,Total Monitored Articles,372974
2022-02-10,Article Count,1
2022-02-10,Total Monitored Articles,378488
2022-02-11,Article Count,0
2022-02-11,Total Monitored Articles,351823
2022-02-12,Article Count,0
2022-02-12,Total Monitored Articles,224659
2022-02-13,Article Count,0
2022-02-13,Total Monitored Articles,191923
2022-02-14,Article Count,0
2022-02-14,Total Monitored Articles,335252
2022-02-15,Article Count,0
2022-02-15,Total Monitored Articles,359677
2022-02-16,Article Count,0
2022-02-16,Total Monitored Articles,367311
2022-02-17,Article Count,0
2022-02-17,Total Monitored Articles,358080
2022-02-18,Article Count,0
2022-02-18,Total Monitored Articles,348377
2022-02-19,Article Count,0
2022-02-19,Total Monitored Articles,222598
2022-02-20,Article Count,0
2022-02-20,Total Monitored Articles,199600
2022-02-21,Article Count,0
2022-02-21,Total Monitored Articles,319194
2022-02-22,Article Count,0
2022-02-22,Total Monitored Articles,361226
2022-02-23,Article Count,0
2022-02-23,Total Monitored Articles,365179
2022-02-24,Article Count,0
2022-02-24,Total Monitored Articles,386066
2022-02-25,Article Count,0
2022-02-25,Total Monitored Articles,360034
2022-02-26,Article Count,0
2022-02-26,Total Monitored Articles,237676
2022-02-27,Article Count,0
2022-02-27,Total Monitored Articles,214606
2022-02-28,Article Count,0
2022-02-28,Total Monitored Articles,334893
2022-03-01,Article Count,1
2022-03-01,Total Monitored Articles,363562
2022-03-02,Article Count,0
2022-03-02,Total Monitored Articles,372492
2022-03-03,Article Count,0
2022-03-03,Total Monitored Articles,367530
2022-03-04,Article Count,0
2022-03-04,Total Monitored Articles,347695
2022-03-05,Article Count,0
2022-03-05,Total Monitored Articles,234698
2022-03-06,Article Count,0
2022-03-06,Total Monitored Articles,202424
2022-03-07,Article Count,0
2022-03-07,Total Monitored Articles,323264
2022-03-08,Article Count,0
2022-03-08,Total Monitored Articles,360858
2022-03-09,Article Count,0
2022-03-09,Total Monitored Articles,365943
2022-03-10,Article Count,0
2022-03-10,Total Monitored Articles,367382
2022-03-11,Article Count,0
2022-03-11,Total Monitored Articles,350637
2022-03-12,Article Count,0
2022-03-12,Total Monitored Articles,228939
2022-03-13,Article Count,0
2022-03-13,Total Monitored Articles,203455
2022-03-14,Article Count,0
2022-03-14,Total Monitored Articles,330700
2022-03-15,Article Count,1
2022-03-15,Total Monitored Articles,364753
2022-03-16,Article Count,2
2022-03-16,Total Monitored Articles,361447
2022-03-17,Article Count,1
2022-03-17,Total Monitored Articles,361101
2022-03-18,Article Count,0
2022-03-18,Total Monitored Articles,331343
2022-03-19,Article Count,3
2022-03-19,Total Monitored Articles,214661
2022-03-20,Article Count,0
2022-03-20,Total Monitored Articles,193698
2022-03-21,Article Count,0
2022-03-21,Total Monitored Articles,327006
2022-03-22,Article Count,0
2022-03-22,Total Monitored Articles,354803
2022-03-23,Article Count,0
2022-03-23,Total Monitored Articles,362106
2022-03-24,Article Count,1
2022-03-24,Total Monitored Articles,362216
2022-03-25,Article Count,0
2022-03-25,Total Monitored Articles,338936
2022-03-26,Article Count,0
2022-03-26,Total Monitored Articles,222133
2022-03-27,Article Count,0
2022-03-27,Total Monitored Articles,198122
2022-03-28,Article Count,0
2022-03-28,Total Monitored Articles,336495
2022-03-29,Article Count,0
2022-03-29,Total Monitored Articles,365474
2022-03-30,Article Count,0
2022-03-30,Total Monitored Articles,363619
2022-03-31,Article Count,0
2022-03-31,Total Monitored Articles,369275
2022-04-01,Article Count,0
2022-04-01,Total Monitored Articles,347526
2022-04-02,Article Count,0
2022-04-02,Total Monitored Articles,223991
2022-04-03,Article Count,0
2022-04-03,Total Monitored Articles,201800
2022-04-04,Article Count,0
2022-04-04,Total Monitored Articles,325907
2022-04-05,Article Count,0
2022-04-05,Total Monitored Articles,342429
2022-04-06,Article Count,0
2022-04-06,Total Monitored Articles,358744
2022-04-07,Article Count,0
2022-04-07,Total Monitored Articles,361189
2022-04-08,Article Count,2
2022-04-08,Total Monitored Articles,344498
2022-04-09,Article Count,0
2022-04-09,Total Monitored Articles,221965
2022-04-10,Article Count,0
2022-04-10,Total Monitored Articles,192679
2022-04-11,Article Count,0
2022-04-11,Total Monitored Articles,325625
2022-04-12,Article Count,0
2022-04-12,Total Monitored Articles,351083
2022-04-13,Article Count,0
2022-04-13,Total Monitored Articles,347113
2022-04-14,Article Count,0
2022-04-14,Total Monitored Articles,338583
2022-04-15,Article Count,0
2022-04-15,Total Monitored Articles,286621
2022-04-16,Article Count,0
2022-04-16,Total Monitored Articles,202176
2022-04-17,Article Count,0
2022-04-17,Total Monitored Articles,184221
2022-04-18,Article Count,1
2022-04-18,Total Monitored Articles,280605
2022-04-19,Article Count,0
2022-04-19,Total Monitored Articles,338946
2022-04-20,Article Count,0
2022-04-20,Total Monitored Articles,353275
2022-04-21,Article Count,0
2022-04-21,Total Monitored Articles,354960
2022-04-22,Article Count,0
2022-04-22,Total Monitored Articles,332372
2022-04-23,Article Count,0
2022-04-23,Total Monitored Articles,218025
2022-04-24,Article Count,0
2022-04-24,Total Monitored Articles,207563
2022-04-25,Article Count,0
2022-04-25,Total Monitored Articles,314070
2022-04-26,Article Count,0
2022-04-26,Total Monitored Articles,355023
2022-04-27,Article Count,0
2022-04-27,Total Monitored Articles,361486
2022-04-28,Article Count,0
2022-04-28,Total Monitored Articles,360299
2022-04-29,Article Count,0
2022-04-29,Total Monitored Articles,343685
2022-04-30,Article Count,0
2022-04-30,Total Monitored Articles,216369
2022-05-01,Article Count,0
2022-05-01,Total Monitored Articles,188197
2022-05-02,Article Count,0
2022-05-02,Total Monitored Articles,270111
2022-05-03,Article Count,0
2022-05-03,Total Monitored Articles,316283
2022-05-04,Article Count,0
2022-05-04,Total Monitored Articles,315546
2022-05-05,Article Count,0
2022-05-05,Total Monitored Articles,339716
2022-05-06,Article Count,0
2022-05-06,Total Monitored Articles,328667
2022-05-07,Article Count,0
2022-05-07,Total Monitored Articles,210121
2022-05-08,Article Count,0
2022-05-08,Total Monitored Articles,187563
2022-05-09,Article Count,0
2022-05-09,Total Monitored Articles,316210
2022-05-10,Article Count,1
2022-05-10,Total Monitored Articles,344717
2022-05-11,Article Count,1
2022-05-11,Total Monitored Articles,355962
2022-05-12,Article Count,0
2022-05-12,Total Monitored Articles,356379
2022-05-13,Article Count,0
2022-05-13,Total Monitored Articles,334329
2022-05-14,Article Count,1
2022-05-14,Total Monitored Articles,210020
2022-05-15,Article Count,0
2022-05-15,Total Monitored Articles,188127
2022-05-16,Article Count,1
2022-05-16,Total Monitored Articles,322256
2022-05-17,Article Count,0
2022-05-17,Total Monitored Articles,351298
2022-05-18,Article Count,0
2022-05-18,Total Monitored Articles,355699
2022-05-19,Article Count,4
2022-05-19,Total Monitored Articles,345454
2022-05-20,Article Count,3
2022-05-20,Total Monitored Articles,334078
2022-05-21,Article Count,0
2022-05-21,Total Monitored Articles,209408
2022-05-22,Article Count,0
2022-05-22,Total Monitored Articles,188239
2022-05-23,Article Count,0
2022-05-23,Total Monitored Articles,317549
2022-05-24,Article Count,0
2022-05-24,Total Monitored Articles,346990
2022-05-25,Article Count,0
2022-05-25,Total Monitored Articles,352954
2022-05-26,Article Count,0
2022-05-26,Total Monitored Articles,338601
2022-05-27,Article Count,0
2022-05-27,Total Monitored Articles,321489
2022-05-28,Article Count,0
2022-05-28,Total Monitored Articles,199571
2022-05-29,Article Count,0
2022-05-29,Total Monitored Articles,177459
2022-05-30,Article Count,0
2022-05-30,Total Monitored Articles,290681
2022-05-31,Article Count,0
2022-05-31,Total Monitored Articles,330609
2022-06-01,Article Count,0
2022-06-01,Total Monitored Articles,349356
2022-06-02,Article Count,0
2022-06-02,Total Monitored Articles,338784
2022-06-03,Article Count,0
2022-06-03,Total Monitored Articles,302121
2022-06-04,Article Count,0
2022-06-04,Total Monitored Articles,198531
2022-06-05,Article Count,0
2022-06-05,Total Monitored Articles,177976
2022-06-06,Article Count,0
2022-06-06,Total Monitored Articles,297964
2022-06-07,Article Count,0
2022-06-07,Total Monitored Articles,332633
2022-06-08,Article Count,4
2022-06-08,Total Monitored Articles,342004
2022-06-09,Article Count,0
2022-06-09,Total Monitored Articles,342172
2022-06-10,Article Count,0
2022-06-10,Total Monitored Articles,324489
2022-06-11,Article Count,0
2022-06-11,Total Monitored Articles,202229
2022-06-12,Article Count,1
2022-06-12,Total Monitored Articles,187061
2022-06-13,Article Count,0
2022-06-13,Total Monitored Articles,309089
2022-06-14,Article Count,0
2022-06-14,Total Monitored Articles,344980
2022-06-15,Article Count,0
2022-06-15,Total Monitored Articles,350509
2022-06-16,Article Count,2
2022-06-16,Total Monitored Articles,342247
2022-06-17,Article Count,3
2022-06-17,Total Monitored Articles,327516
2022-06-18,Article Count,0
2022-06-18,Total Monitored Articles,203639
2022-06-19,Article Count,0
2022-06-19,Total Monitored Articles,191407
2022-06-20,Article Count,0
2022-06-20,Total Monitored Articles,300689
2022-06-21,Article Count,0
2022-06-21,Total Monitored Articles,330727
2022-06-22,Article Count,0
2022-06-22,Total Monitored Articles,342014
2022-06-23,Article Count,1
2022-06-23,Total Monitored Articles,339349
2022-06-24,Article Count,0
2022-06-24,Total Monitored Articles,319979
2022-06-25,Article Count,0
2022-06-25,Total Monitored Articles,203761
2022-06-26,Article Count,1
2022-06-26,Total Monitored Articles,183333
2022-06-27,Article Count,0
2022-06-27,Total Monitored Articles,308531
2022-06-28,Article Count,0
2022-06-28,Total Monitored Articles,335644
2022-06-29,Article Count,0
2022-06-29,Total Monitored Articles,339438
2022-06-30,Article Count,0
2022-06-30,Total Monitored Articles,345960
2022-07-01,Article Count,0
2022-07-01,Total Monitored Articles,317063
2022-07-02,Article Count,1
2022-07-02,Total Monitored Articles,191421
2022-07-03,Article Count,0
2022-07-03,Total Monitored Articles,175508
2022-07-04,Article Count,0
2022-07-04,Total Monitored Articles,271611
2022-07-05,Article Count,1
2022-07-05,Total Monitored Articles,313541
2022-07-06,Article Count,1
2022-07-06,Total Monitored Articles,326946
2022-07-07,Article Count,0
2022-07-07,Total Monitored Articles,331079
2022-07-08,Article Count,0
2022-07-08,Total Monitored Articles,315489
2022-07-09,Article Count,0
2022-07-09,Total Monitored Articles,194187
2022-07-10,Article Count,0
2022-07-10,Total Monitored Articles,170102
2022-07-11,Article Count,0
2022-07-11,Total Monitored Articles,290863
2022-07-12,Article Count,0
2022-07-12,Total Monitored Articles,322289
2022-07-13,Article Count,0
2022-07-13,Total Monitored Articles,327682
2022-07-14,Article Count,0
2022-07-14,Total Monitored Articles,329508
2022-07-15,Article Count,0
2022-07-15,Total Monitored Articles,313185
2022-07-16,Article Count,0
2022-07-16,Total Monitored Articles,195079
2022-07-17,Article Count,0
2022-07-17,Total Monitored Articles,174851
2022-07-18,Article Count,4
2022-07-18,Total Monitored Articles,297027
2022-07-19,Article Count,3
2022-07-19,Total Monitored Articles,324463
2022-07-20,Article Count,0
2022-07-20,Total Monitored Articles,326073
2022-07-21,Article Count,0
2022-07-21,Total Monitored Articles,326963
2022-07-22,Article Count,1
2022-07-22,Total Monitored Articles,304026
2022-07-23,Article Count,0
2022-07-23,Total Monitored Articles,188203
2022-07-24,Article Count,0
2022-07-24,Total Monitored Articles,166797
2022-07-25,Article Count,0
2022-07-25,Total Monitored Articles,291395
2022-07-26,Article Count,0
2022-07-26,Total Monitored Articles,320916
2022-07-27,Article Count,0
2022-07-27,Total Monitored Articles,325681
2022-07-28,Article Count,0
2022-07-28,Total Monitored Articles,324137
2022-07-29,Article Count,0
2022-07-29,Total Monitored Articles,303231
2022-07-30,Article Count,0
2022-07-30,Total Monitored Articles,186855
2022-07-31,Article Count,0
2022-07-31,Total Monitored Articles,168632
2022-08-01,Article Count,0
2022-08-01,Total Monitored Articles,287100
2022-08-02,Article Count,0
2022-08-02,Total Monitored Articles,311578
2022-08-03,Article Count,0
2022-08-03,Total Monitored Articles,318092
2022-08-04,Article Count,0
2022-08-04,Total Monitored Articles,320332
2022-08-05,Article Count,0
2022-08-05,Total Monitored Articles,303936
2022-08-06,Article Count,1
2022-08-06,Total Monitored Articles,192105
2022-08-07,Article Count,0
2022-08-07,Total Monitored Articles,168473
2022-08-08,Article Count,0
2022-08-08,Total Monitored Articles,282167
2022-08-09,Article Count,0
2022-08-09,Total Monitored Articles,312403
2022-08-10,Article Count,1
2022-08-10,Total Monitored Articles,316066
2022-08-11,Article Count,0
2022-08-11,Total Monitored Articles,310892
2022-08-12,Article Count,1
2022-08-12,Total Monitored Articles,295605
2022-08-13,Article Count,0
2022-08-13,Total Monitored Articles,186485
2022-08-14,Article Count,0
2022-08-14,Total Monitored Articles,160372
2022-08-15,Article Count,0
2022-08-15,Total Monitored Articles,253689
2022-08-16,Article Count,0
2022-08-16,Total Monitored Articles,304582
2022-08-17,Article Count,0
2022-08-17,Total Monitored Articles,301311
2022-08-18,Article Count,0
2022-08-18,Total Monitored Articles,310842
2022-08-19,Article Count,0
2022-08-19,Total Monitored Articles,287179
2022-08-20,Article Count,0
2022-08-20,Total Monitored Articles,184959
2022-08-21,Article Count,0
2022-08-21,Total Monitored Articles,157433
2022-08-22,Article Count,0
2022-08-22,Total Monitored Articles,278875
2022-08-23,Article Count,0
2022-08-23,Total Monitored Articles,310239
2022-08-24,Article Count,0
2022-08-24,Total Monitored Articles,312470
2022-08-25,Article Count,0
2022-08-25,Total Monitored Articles,316120
2022-08-26,Article Count,0
2022-08-26,Total Monitored Articles,298166
2022-08-27,Article Count,0
2022-08-27,Total Monitored Articles,183513
2022-08-28,Article Count,0
2022-08-28,Total Monitored Articles,165444
2022-08-29,Article Count,0
2022-08-29,Total Monitored Articles,283308
2022-08-30,Article Count,0
2022-08-30,Total Monitored Articles,309740
2022-08-31,Article Count,0
2022-08-31,Total Monitored Articles,317340
2022-09-01,Article Count,0
2022-09-01,Total Monitored Articles,320567
2022-09-02,Article Count,0
2022-09-02,Total Monitored Articles,293251
2022-09-03,Article Count,0
2022-09-03,Total Monitored Articles,181172
2022-09-04,Article Count,0
2022-09-04,Total Monitored Articles,168850
2022-09-05,Article Count,0
2022-09-05,Total Monitored Articles,265087
2022-09-06,Article Count,0
2022-09-06,Total Monitored Articles,307461
2022-09-07,Article Count,0
2022-09-07,Total Monitored Articles,322285
2022-09-08,Article Count,0
2022-09-08,Total Monitored Articles,330214
2022-09-09,Article Count,0
2022-09-09,Total Monitored Articles,302233
2022-09-10,Article Count,0
2022-09-10,Total Monitored Articles,193173
2022-09-11,Article Count,0
2022-09-11,Total Monitored Articles,168675
2022-09-12,Article Count,0
2022-09-12,Total Monitored Articles,281605
2022-09-13,Article Count,0
2022-09-13,Total Monitored Articles,321534
2022-09-14,Article Count,0
2022-09-14,Total Monitored Articles,320704
2022-09-15,Article Count,0
2022-09-15,Total Monitored Articles,320866
2022-09-16,Article Count,0
2022-09-16,Total Monitored Articles,298083
2022-09-17,Article Count,2
2022-09-17,Total Monitored Articles,187196
2022-09-18,Article Count,0
2022-09-18,Total Monitored Articles,162340
2022-09-19,Article Count,0
2022-09-19,Total Monitored Articles,284847
2022-09-20,Article Count,0
2022-09-20,Total Monitored Articles,308540
2022-09-21,Article Count,0
2022-09-21,Total Monitored Articles,307396
2022-09-22,Article Count,0
2022-09-22,Total Monitored Articles,305478
2022-09-23,Article Count,0
2022-09-23,Total Monitored Articles,297175
2022-09-24,Article Count,0
2022-09-24,Total Monitored Articles,190854
2022-09-25,Article Count,0
2022-09-25,Total Monitored Articles,172469
2022-09-26,Article Count,0
2022-09-26,Total Monitored Articles,288492
2022-09-27,Article Count,1
2022-09-27,Total Monitored Articles,302719
2022-09-28,Article Count,0
2022-09-28,Total Monitored Articles,307736
2022-09-29,Article Count,0
2022-09-29,Total Monitored Articles,322433
2022-09-30,Article Count,0
2022-09-30,Total Monitored Articles,307481
2022-10-01,Article Count,0
2022-10-01,Total Monitored Articles,192306
2022-10-02,Article Count,0
2022-10-02,Total Monitored Articles,166376
2022-10-03,Article Count,0
2022-10-03,Total Monitored Articles,275727
2022-10-04,Article Count,3
2022-10-04,Total Monitored Articles,295166
2022-10-05,Article Count,0
2022-10-05,Total Monitored Articles,300221
2022-10-06,Article Count,1
2022-10-06,Total Monitored Articles,294110
2022-10-07,Article Count,0
2022-10-07,Total Monitored Articles,281388
2022-10-08,Article Count,0
2022-10-08,Total Monitored Articles,183911
2022-10-09,Article Count,0
2022-10-09,Total Monitored Articles,168561
2022-10-10,Article Count,0
2022-10-10,Total Monitored Articles,276211
2022-10-11,Article Count,0
2022-10-11,Total Monitored Articles,311607
2022-10-12,Article Count,0
2022-10-12,Total Monitored Articles,317454
2022-10-13,Article Count,0
2022-10-13,Total Monitored Articles,317869
2022-10-14,Article Count,0
2022-10-14,Total Monitored Articles,292614
2022-10-15,Article Count,0
2022-10-15,Total Monitored Articles,187582
2022-10-16,Article Count,0
2022-10-16,Total Monitored Articles,167826
2022-10-17,Article Count,0
2022-10-17,Total Monitored Articles,293798
2022-10-18,Article Count,0
2022-10-18,Total Monitored Articles,308645
2022-10-19,Article Count,1
2022-10-19,Total Monitored Articles,322529
2022-10-20,Article Count,0
2022-10-20,Total Monitored Articles,321430
2022-10-21,Article Count,0
2022-10-21,Total Monitored Articles,301790
2022-10-22,Article Count,0
2022-10-22,Total Monitored Articles,179589
2022-10-23,Article Count,0
2022-10-23,Total Monitored Articles,156398
2022-10-24,Article Count,0
2022-10-24,Total Monitored Articles,280361
2022-10-25,Article Count,0
2022-10-25,Total Monitored Articles,312975
2022-10-26,Article Count,0
2022-10-26,Total Monitored Articles,314064
2022-10-27,Article Count,0
2022-10-27,Total Monitored Articles,311772
2022-10-28,Article Count,0
2022-10-28,Total Monitored Articles,296473
2022-10-29,Article Count,0
2022-10-29,Total Monitored Articles,177538
2022-10-30,Article Count,0
2022-10-30,Total Monitored Articles,162010
2022-10-31,Article Count,0
2022-10-31,Total Monitored Articles,282128
2022-11-01,Article Count,0
2022-11-01,Total Monitored Articles,290922
2022-11-02,Article Count,0
2022-11-02,Total Monitored Articles,302413
2022-11-03,Article Count,0
2022-11-03,Total Monitored Articles,305585
2022-11-04,Article Count,0
2022-11-04,Total Monitored Articles,287557
2022-11-05,Article Count,0
2022-11-05,Total Monitored Articles,162216
2022-11-06,Article Count,0
2022-11-06,Total Monitored Articles,166754
2022-11-07,Article Count,0
2022-11-07,Total Monitored Articles,281263
2022-11-08,Article Count,0
2022-11-08,Total Monitored Articles,306702
2022-11-09,Article Count,0
2022-11-09,Total Monitored Articles,327495
2022-11-10,Article Count,0
2022-11-10,Total Monitored Articles,288809
2022-11-11,Article Count,0
2022-11-11,Total Monitored Articles,34797
2022-11-12,Article Count,0
2022-11-12,Total Monitored Articles,193140
2022-11-13,Article Count,0
2022-11-13,Total Monitored Articles,165166
2022-11-14,Article Count,0
2022-11-14,Total Monitored Articles,290251
2022-11-15,Article Count,0
2022-11-15,Total Monitored Articles,316797
2022-11-16,Article Count,0
2022-11-16,Total Monitored Articles,320652
2022-11-17,Article Count,0
2022-11-17,Total Monitored Articles,321268
2022-11-18,Article Count,0
2022-11-18,Total Monitored Articles,302368
2022-11-19,Article Count,0
2022-11-19,Total Monitored Articles,190672
2022-11-20,Article Count,0
2022-11-20,Total Monitored Articles,170315
2022-11-21,Article Count,0
2022-11-21,Total Monitored Articles,284147
2022-11-22,Article Count,1
2022-11-22,Total Monitored Articles,304500
2022-11-23,Article Count,0
2022-11-23,Total Monitored Articles,303719
2022-11-24,Article Count,0
2022-11-24,Total Monitored Articles,273705
2022-11-25,Article Count,0
2022-11-25,Total Monitored Articles,261208
2022-11-26,Article Count,0
2022-11-26,Total Monitored Articles,171364
2022-11-27,Article Count,0
2022-11-27,Total Monitored Articles,150557
2022-11-28,Article Count,1
2022-11-28,Total Monitored Articles,279657
2022-11-29,Article Count,0
2022-11-29,Total Monitored Articles,308618
2022-11-30,Article Count,0
2022-11-30,Total Monitored Articles,314152
2022-12-01,Article Count,0
2022-12-01,Total Monitored Articles,312330
2022-12-02,Article Count,0
2022-12-02,Total Monitored Articles,292950
2022-12-03,Article Count,0
2022-12-03,Total Monitored Articles,173559
2022-12-04,Article Count,0
2022-12-04,Total Monitored Articles,156942
2022-12-05,Article Count,0
2022-12-05,Total Monitored Articles,281428
2022-12-06,Article Count,1
2022-12-06,Total Monitored Articles,305719
2022-12-07,Article Count,0
2022-12-07,Total Monitored Articles,313894
2022-12-08,Article Count,0
2022-12-08,Total Monitored Articles,300585
2022-12-09,Article Count,1
2022-12-09,Total Monitored Articles,288145
2022-12-10,Article Count,0
2022-12-10,Total Monitored Articles,180220
2022-12-11,Article Count,1
2022-12-11,Total Monitored Articles,155005
2022-12-12,Article Count,0
2022-12-12,Total Monitored Articles,277006
2022-12-13,Article Count,0
2022-12-13,Total Monitored Articles,306020
2022-12-14,Article Count,0
2022-12-14,Total Monitored Articles,309803
2022-12-15,Article Count,0
2022-12-15,Total Monitored Articles,312359
2022-12-16,Article Count,0
2022-12-16,Total Monitored Articles,288582
2022-12-17,Article Count,0
2022-12-17,Total Monitored Articles,183832
2022-12-18,Article Count,0
2022-12-18,Total Monitored Articles,162134
2022-12-19,Article Count,0
2022-12-19,Total Monitored Articles,268857
2022-12-20,Article Count,0
2022-12-20,Total Monitored Articles,293918
2022-12-21,Article Count,0
2022-12-21,Total Monitored Articles,296605
2022-12-22,Article Count,0
2022-12-22,Total Monitored Articles,287838
2022-12-23,Article Count,0
2022-12-23,Total Monitored Articles,261269
2022-12-24,Article Count,0
2022-12-24,Total Monitored Articles,167997
2022-12-25,Article Count,0
2022-12-25,Total Monitored Articles,132077
2022-12-26,Article Count,0
2022-12-26,Total Monitored Articles,191725
2022-12-27,Article Count,0
2022-12-27,Total Monitored Articles,240831
2022-12-28,Article Count,0
2022-12-28,Total Monitored Articles,254179
2022-12-29,Article Count,0
2022-12-29,Total Monitored Articles,254727
2022-12-30,Article Count,1
2022-12-30,Total Monitored Articles,240408
2022-12-31,Article Count,0
2022-12-31,Total Monitored Articles,169513
2023-01-01,Article Count,0
2023-01-01,Total Monitored Articles,140639
2023-01-02,Article Count,0
2023-01-02,Total Monitored Articles,196619
2023-01-03,Article Count,1
2023-01-03,Total Monitored Articles,259205
2023-01-04,Article Count,0
2023-01-04,Total Monitored Articles,281813
2023-01-05,Article Count,0
2023-01-05,Total Monitored Articles,288347
2023-01-06,Article Count,0
2023-01-06,Total Monitored Articles,262980
2023-01-07,Article Count,0
2023-01-07,Total Monitored Articles,180287
2023-01-08,Article Count,0
2023-01-08,Total Monitored Articles,164972
2023-01-09,Article Count,0
2023-01-09,Total Monitored Articles,281757
2023-01-10,Article Count,1
2023-01-10,Total Monitored Articles,306052
2023-01-11,Article Count,0
2023-01-11,Total Monitored Articles,317953
2023-01-12,Article Count,0
2023-01-12,Total Monitored Articles,312337
2023-01-13,Article Count,0
2023-01-13,Total Monitored Articles,302127
2023-01-14,Article Count,3
2023-01-14,Total Monitored Articles,189573
2023-01-15,Article Count,0
2023-01-15,Total Monitored Articles,167911
2023-01-16,Article Count,0
2023-01-16,Total Monitored Articles,264487
2023-01-17,Article Count,0
2023-01-17,Total Monitored Articles,303927
2023-01-18,Article Count,0
2023-01-18,Total Monitored Articles,299365
2023-01-19,Article Count,0
2023-01-19,Total Monitored Articles,316959
2023-01-20,Article Count,0
2023-01-20,Total Monitored Articles,298873
2023-01-21,Article Count,0
2023-01-21,Total Monitored Articles,193080
2023-01-22,Article Count,0
2023-01-22,Total Monitored Articles,174705
2023-01-23,Article Count,0
2023-01-23,Total Monitored Articles,274233
2023-01-24,Article Count,0
2023-01-24,Total Monitored Articles,301603
2023-01-25,Article Count,0
2023-01-25,Total Monitored Articles,302883
2023-01-26,Article Count,0
2023-01-26,Total Monitored Articles,302079
2023-01-27,Article Count,0
2023-01-27,Total Monitored Articles,284523
2023-01-28,Article Count,0
2023-01-28,Total Monitored Articles,189050
2023-01-29,Article Count,0
2023-01-29,Total Monitored Articles,173510
2023-01-30,Article Count,0
2023-01-30,Total Monitored Articles,285136
2023-01-31,Article Count,0
2023-01-31,Total Monitored Articles,318363
2023-02-01,Article Count,1
2023-02-01,Total Monitored Articles,327450
2023-02-02,Article Count,0
2023-02-02,Total Monitored Articles,319333
2023-02-03,Article Count,0
2023-02-03,Total Monitored Articles,299673
2023-02-04,Article Count,0
2023-02-04,Total Monitored Articles,186889
2023-02-05,Article Count,0
2023-02-05,Total Monitored Articles,168644
2023-02-06,Article Count,0
2023-02-06,Total Monitored Articles,290263
2023-02-07,Article Count,0
2023-02-07,Total Monitored Articles,310033
2023-02-08,Article Count,0
2023-02-08,Total Monitored Articles,317887
2023-02-09,Article Count,0
2023-02-09,Total Monitored Articles,318267
2023-02-10,Article Count,0
2023-02-10,Total Monitored Articles,301177
2023-02-11,Article Count,0
2023-02-11,Total Monitored Articles,186318
2023-02-12,Article Count,0
2023-02-12,Total Monitored Articles,167956
2023-02-13,Article Count,0
2023-02-13,Total Monitored Articles,285171
2023-02-14,Article Count,0
2023-02-14,Total Monitored Articles,314457
2023-02-15,Article Count,0
2023-02-15,Total Monitored Articles,312198
2023-02-16,Article Count,1
2023-02-16,Total Monitored Articles,315298
2023-02-17,Article Count,0
2023-02-17,Total Monitored Articles,302132
2023-02-18,Article Count,0
2023-02-18,Total Monitored Articles,187706
2023-02-19,Article Count,0
2023-02-19,Total Monitored Articles,169363
2023-02-20,Article Count,0
2023-02-20,Total Monitored Articles,269768
2023-02-21,Article Count,0
2023-02-21,Total Monitored Articles,298605
2023-02-22,Article Count,0
2023-02-22,Total Monitored Articles,312263
2023-02-23,Article Count,0
2023-02-23,Total Monitored Articles,309921
2023-02-24,Article Count,3
2023-02-24,Total Monitored Articles,296070
2023-02-25,Article Count,0
2023-02-25,Total Monitored Articles,188727
2023-02-26,Article Count,3
2023-02-26,Total Monitored Articles,167176
2023-02-27,Article Count,1
2023-02-27,Total Monitored Articles,276826
2023-02-28,Article Count,0
2023-02-28,Total Monitored Articles,316974
2023-03-01,Article Count,0
2023-03-01,Total Monitored Articles,321560
2023-03-02,Article Count,0
2023-03-02,Total Monitored Articles,314858
2023-03-03,Article Count,0
2023-03-03,Total Monitored Articles,298879
2023-03-04,Article Count,0
2023-03-04,Total Monitored Articles,187888
2023-03-05,Article Count,0
2023-03-05,Total Monitored Articles,171832
2023-03-06,Article Count,0
2023-03-06,Total Monitored Articles,286181
2023-03-07,Article Count,0
2023-03-07,Total Monitored Articles,317599
2023-03-08,Article Count,0
2023-03-08,Total Monitored Articles,296557
2023-03-09,Article Count,0
2023-03-09,Total Monitored Articles,313880
2023-03-10,Article Count,0
2023-03-10,Total Monitored Articles,309433
2023-03-11,Article Count,0
2023-03-11,Total Monitored Articles,190449
2023-03-12,Article Count,1
2023-03-12,Total Monitored Articles,178272
2023-03-13,Article Count,0
2023-03-13,Total Monitored Articles,301583
2023-03-14,Article Count,0
2023-03-14,Total Monitored Articles,300704
2023-03-15,Article Count,0
2023-03-15,Total Monitored Articles,319310
2023-03-16,Article Count,0
2023-03-16,Total Monitored Articles,321815
2023-03-17,Article Count,0
2023-03-17,Total Monitored Articles,300657
2023-03-18,Article Count,0
2023-03-18,Total Monitored Articles,190804
2023-03-19,Article Count,0
2023-03-19,Total Monitored Articles,173702
2023-03-20,Article Count,0
2023-03-20,Total Monitored Articles,293350
2023-03-21,Article Count,0
2023-03-21,Total Monitored Articles,282625
2023-03-22,Article Count,0
2023-03-22,Total Monitored Articles,70536
2023-03-24,Article Count,0
2023-03-24,Total Monitored Articles,114693
2023-03-25,Article Count,0
2023-03-25,Total Monitored Articles,303358
2023-03-26,Article Count,0
2023-03-26,Total Monitored Articles,275351
2023-03-27,Article Count,0
2023-03-27,Total Monitored Articles,200122
2023-03-28,Article Count,0
2023-03-28,Total Monitored Articles,161399
2023-03-29,Article Count,0
2023-03-29,Total Monitored Articles,185071
2023-03-30,Article Count,0
2023-03-30,Total Monitored Articles,198190
2023-03-31,Article Count,0
2023-03-31,Total Monitored Articles,204585
2023-04-01,Article Count,0
2023-04-01,Total Monitored Articles,124010
2023-04-02,Article Count,0
2023-04-02,Total Monitored Articles,133210
2023-04-03,Article Count,0
2023-04-03,Total Monitored Articles,159996
2023-04-04,Article Count,0
2023-04-04,Total Monitored Articles,177020
2023-04-05,Article Count,0
2023-04-05,Total Monitored Articles,174801
2023-04-06,Article Count,1
2023-04-06,Total Monitored Articles,142578
2023-04-07,Article Count,0
2023-04-07,Total Monitored Articles,155735
2023-04-08,Article Count,0
2023-04-08,Total Monitored Articles,130472
2023-04-09,Article Count,1
2023-04-09,Total Monitored Articles,102382
2023-04-10,Article Count,3
2023-04-10,Total Monitored Articles,180359
2023-04-11,Article Count,0
2023-04-11,Total Monitored Articles,175407
2023-04-12,Article Count,16
2023-04-12,Total Monitored Articles,181297
2023-04-13,Article Count,45
2023-04-13,Total Monitored Articles,207376
2023-04-14,Article Count,0
2023-04-14,Total Monitored Articles,154674
2023-04-15,Article Count,0
2023-04-15,Total Monitored Articles,130206
2023-04-16,Article Count,0
2023-04-16,Total Monitored Articles,99152
2023-04-17,Article Count,0
2023-04-17,Total Monitored Articles,181639
2023-04-18,Article Count,0
2023-04-18,Total Monitored Articles,158147
2023-04-19,Article Count,0
2023-04-19,Total Monitored Articles,158844
2023-04-20,Article Count,2
2023-04-20,Total Monitored Articles,173833
2023-04-21,Article Count,0
2023-04-21,Total Monitored Articles,150746
2023-04-22,Article Count,1
2023-04-22,Total Monitored Articles,143815
2023-04-23,Article Count,0
2023-04-23,Total Monitored Articles,115998
2023-04-24,Article Count,1
2023-04-24,Total Monitored Articles,191834
2023-04-25,Article Count,0
2023-04-25,Total Monitored Articles,208250
2023-04-26,Article Count,0
2023-04-26,Total Monitored Articles,246855
2023-04-27,Article Count,0
2023-04-27,Total Monitored Articles,217849
2023-04-28,Article Count,0
2023-04-28,Total Monitored Articles,182743
2023-04-29,Article Count,0
2023-04-29,Total Monitored Articles,190655
2023-04-30,Article Count,53
2023-04-30,Total Monitored Articles,135077
2023-05-01,Article Count,27
2023-05-01,Total Monitored Articles,123206
2023-05-02,Article Count,0
2023-05-02,Total Monitored Articles,222971
2023-05-03,Article Count,0
2023-05-03,Total Monitored Articles,214717
2023-05-04,Article Count,0
2023-05-04,Total Monitored Articles,158442
2023-05-05,Article Count,0
2023-05-05,Total Monitored Articles,225937
2023-05-06,Article Count,0
2023-05-06,Total Monitored Articles,118826
2023-05-07,Article Count,0
2023-05-07,Total Monitored Articles,139368
2023-05-08,Article Count,1
2023-05-08,Total Monitored Articles,159481
2023-05-09,Article Count,0
2023-05-09,Total Monitored Articles,175039
2023-05-10,Article Count,1
2023-05-10,Total Monitored Articles,204332
2023-05-11,Article Count,1
2023-05-11,Total Monitored Articles,229854
2023-05-12,Article Count,1
2023-05-12,Total Monitored Articles,229639
2023-05-13,Article Count,4
2023-05-13,Total Monitored Articles,181160
2023-05-14,Article Count,0
2023-05-14,Total Monitored Articles,155909
2023-05-15,Article Count,0
2023-05-15,Total Monitored Articles,182377
2023-05-16,Article Count,0
2023-05-16,Total Monitored Articles,182404
2023-05-17,Article Count,1
2023-05-17,Total Monitored Articles,251305
2023-05-18,Article Count,0
2023-05-18,Total Monitored Articles,239021
2023-05-19,Article Count,0
2023-05-19,Total Monitored Articles,199360
2023-05-20,Article Count,0
2023-05-20,Total Monitored Articles,121525
2023-05-21,Article Count,0
2023-05-21,Total Monitored Articles,162368
2023-05-22,Article Count,0
2023-05-22,Total Monitored Articles,170934
2023-05-23,Article Count,0
2023-05-23,Total Monitored Articles,188497
2023-05-24,Article Count,0
2023-05-24,Total Monitored Articles,198932
2023-05-25,Article Count,0
2023-05-25,Total Monitored Articles,188604
2023-05-26,Article Count,1
2023-05-26,Total Monitored Articles,220047
2023-05-27,Article Count,1
2023-05-27,Total Monitored Articles,111903
2023-05-28,Article Count,0
2023-05-28,Total Monitored Articles,145487
2023-05-29,Article Count,0
2023-05-29,Total Monitored Articles,184271
2023-05-30,Article Count,0
2023-05-30,Total Monitored Articles,227955
2023-05-31,Article Count,0
2023-05-31,Total Monitored Articles,206794
2023-06-01,Article Count,0
2023-06-01,Total Monitored Articles,198164
2023-06-02,Article Count,0
2023-06-02,Total Monitored Articles,172863
2023-06-03,Article Count,0
2023-06-03,Total Monitored Articles,154690
2023-06-04,Article Count,0
2023-06-04,Total Monitored Articles,108042
2023-06-05,Article Count,0
2023-06-05,Total Monitored Articles,191281
2023-06-06,Article Count,1
2023-06-06,Total Monitored Articles,184942
2023-06-07,Article Count,0
2023-06-07,Total Monitored Articles,172887
2023-06-08,Article Count,1
2023-06-08,Total Monitored Articles,219702
2023-06-09,Article Count,0
2023-06-09,Total Monitored Articles,198525
2023-06-10,Article Count,0
2023-06-10,Total Monitored Articles,130169
2023-06-11,Article Count,0
2023-06-11,Total Monitored Articles,130689
2023-06-12,Article Count,0
2023-06-12,Total Monitored Articles,196856
2023-06-13,Article Count,0
2023-06-13,Total Monitored Articles,228058
2023-06-14,Article Count,0
2023-06-14,Total Monitored Articles,176548
2023-06-15,Article Count,1
2023-06-15,Total Monitored Articles,239043
2023-06-16,Article Count,0
2023-06-16,Total Monitored Articles,190866
2023-06-17,Article Count,0
2023-06-17,Total Monitored Articles,184671
2023-06-18,Article Count,0
2023-06-18,Total Monitored Articles,141469
2023-06-19,Article Count,2
2023-06-19,Total Monitored Articles,215961
2023-06-20,Article Count,0
2023-06-20,Total Monitored Articles,248094
2023-06-21,Article Count,0
2023-06-21,Total Monitored Articles,191505
2023-06-22,Article Count,0
2023-06-22,Total Monitored Articles,217436
2023-06-23,Article Count,1
2023-06-23,Total Monitored Articles,164286
2023-06-24,Article Count,0
2023-06-24,Total Monitored Articles,150571
2023-06-25,Article Count,0
2023-06-25,Total Monitored Articles,115605
2023-06-26,Article Count,0
2023-06-26,Total Monitored Articles,186551
2023-06-27,Article Count,0
2023-06-27,Total Monitored Articles,205058
2023-06-28,Article Count,9
2023-06-28,Total Monitored Articles,156133
2023-06-29,Article Count,0
2023-06-29,Total Monitored Articles,173541
2023-06-30,Article Count,3
2023-06-30,Total Monitored Articles,137220
2023-07-01,Article Count,0
2023-07-01,Total Monitored Articles,105350
2023-07-02,Article Count,2
2023-07-02,Total Monitored Articles,113633
2023-07-03,Article Count,0
2023-07-03,Total Monitored Articles,152277
2023-07-04,Article Count,0
2023-07-04,Total Monitored Articles,170177
2023-07-05,Article Count,2
2023-07-05,Total Monitored Articles,204654
2023-07-06,Article Count,0
2023-07-06,Total Monitored Articles,169344
2023-07-07,Article Count,0
2023-07-07,Total Monitored Articles,169874
2023-07-08,Article Count,0
2023-07-08,Total Monitored Articles,121211
2023-07-09,Article Count,1
2023-07-09,Total Monitored Articles,105312
2023-07-10,Article Count,0
2023-07-10,Total Monitored Articles,121427
2023-07-11,Article Count,0
2023-07-11,Total Monitored Articles,180749
2023-07-12,Article Count,0
2023-07-12,Total Monitored Articles,221146
2023-07-13,Article Count,2
2023-07-13,Total Monitored Articles,201517
2023-07-14,Article Count,0
2023-07-14,Total Monitored Articles,250255
2023-07-15,Article Count,0
2023-07-15,Total Monitored Articles,150412
2023-07-16,Article Count,0
2023-07-16,Total Monitored Articles,129567
2023-07-17,Article Count,1
2023-07-17,Total Monitored Articles,168993
2023-07-18,Article Count,0
2023-07-18,Total Monitored Articles,215063
2023-07-19,Article Count,0
2023-07-19,Total Monitored Articles,168726
2023-07-20,Article Count,0
2023-07-20,Total Monitored Articles,234158
2023-07-21,Article Count,0
2023-07-21,Total Monitored Articles,153281
2023-07-22,Article Count,0
2023-07-22,Total Monitored Articles,119347
2023-07-23,Article Count,0
2023-07-23,Total Monitored Articles,134265
2023-07-24,Article Count,0
2023-07-24,Total Monitored Articles,178910
2023-07-25,Article Count,0
2023-07-25,Total Monitored Articles,162431
2023-07-26,Article Count,0
2023-07-26,Total Monitored Articles,184012
2023-07-27,Article Count,1
2023-07-27,Total Monitored Articles,193166
2023-07-28,Article Count,0
2023-07-28,Total Monitored Articles,177866
2023-07-29,Article Count,0
2023-07-29,Total Monitored Articles,114536
2023-07-30,Article Count,0
2023-07-30,Total Monitored Articles,131652
2023-07-31,Article Count,0
2023-07-31,Total Monitored Articles,170551
2023-08-01,Article Count,1
2023-08-01,Total Monitored Articles,160689
2023-08-02,Article Count,0
2023-08-02,Total Monitored Articles,163431
2023-08-03,Article Count,1
2023-08-03,Total Monitored Articles,171686
2023-08-04,Article Count,0
2023-08-04,Total Monitored Articles,188801
2023-08-05,Article Count,0
2023-08-05,Total Monitored Articles,118097
2023-08-06,Article Count,0
2023-08-06,Total Monitored Articles,128373
2023-08-07,Article Count,7
2023-08-07,Total Monitored Articles,152833
2023-08-08,Article Count,0
2023-08-08,Total Monitored Articles,159650
2023-08-09,Article Count,0
2023-08-09,Total Monitored Articles,200807
2023-08-10,Article Count,0
2023-08-10,Total Monitored Articles,165572
2023-08-11,Article Count,0
2023-08-11,Total Monitored Articles,119826
2023-08-12,Article Count,0
2023-08-12,Total Monitored Articles,136369
2023-08-13,Article Count,0
2023-08-13,Total Monitored Articles,139259
2023-08-14,Article Count,1
2023-08-14,Total Monitored Articles,180452
2023-08-15,Article Count,0
2023-08-15,Total Monitored Articles,206681
2023-08-16,Article Count,0
2023-08-16,Total Monitored Articles,156746
2023-08-17,Article Count,0
2023-08-17,Total Monitored Articles,176620
2023-08-18,Article Count,0
2023-08-18,Total Monitored Articles,172620
2023-08-19,Article Count,1
2023-08-19,Total Monitored Articles,128668
2023-08-20,Article Count,0
2023-08-20,Total Monitored Articles,106747
2023-08-21,Article Count,1
2023-08-21,Total Monitored Articles,137610
2023-08-22,Article Count,0
2023-08-22,Total Monitored Articles,188326
2023-08-23,Article Count,1
2023-08-23,Total Monitored Articles,183569
2023-08-24,Article Count,0
2023-08-24,Total Monitored Articles,201967
2023-08-25,Article Count,0
2023-08-25,Total Monitored Articles,239086
2023-08-26,Article Count,0
2023-08-26,Total Monitored Articles,135192
2023-08-27,Article Count,0
2023-08-27,Total Monitored Articles,109762
2023-08-28,Article Count,0
2023-08-28,Total Monitored Articles,177593
2023-08-29,Article Count,0
2023-08-29,Total Monitored Articles,194634
2023-08-30,Article Count,1
2023-08-30,Total Monitored Articles,202820
2023-08-31,Article Count,1
2023-08-31,Total Monitored Articles,215682
2023-09-01,Article Count,2
2023-09-01,Total Monitored Articles,178650
2023-09-02,Article Count,0
2023-09-02,Total Monitored Articles,135276
2023-09-03,Article Count,0
2023-09-03,Total Monitored Articles,133756
2023-09-04,Article Count,1
2023-09-04,Total Monitored Articles,174166
2023-09-05,Article Count,0
2023-09-05,Total Monitored Articles,132026
2023-09-06,Article Count,10
2023-09-06,Total Monitored Articles,211743
2023-09-07,Article Count,20
2023-09-07,Total Monitored Articles,207516
2023-09-08,Article Count,0
2023-09-08,Total Monitored Articles,175239
2023-09-09,Article Count,0
2023-09-09,Total Monitored Articles,140091
2023-09-10,Article Count,2
2023-09-10,Total Monitored Articles,102947
2023-09-11,Article Count,0
2023-09-11,Total Monitored Articles,222270
2023-09-12,Article Count,3
2023-09-12,Total Monitored Articles,236057
2023-09-13,Article Count,76
2023-09-13,Total Monitored Articles,161821
2023-09-14,Article Count,11
2023-09-14,Total Monitored Articles,179699
2023-09-15,Article Count,0
2023-09-15,Total Monitored Articles,182186
2023-09-16,Article Count,0
2023-09-16,Total Monitored Articles,144765
2023-09-17,Article Count,1
2023-09-17,Total Monitored Articles,163555
2023-09-18,Article Count,0
2023-09-18,Total Monitored Articles,181688
2023-09-19,Article Count,1
2023-09-19,Total Monitored Articles,167576
2023-09-20,Article Count,0
2023-09-20,Total Monitored Articles,190494
2023-09-21,Article Count,0
2023-09-21,Total Monitored Articles,171085
2023-09-22,Article Count,0
2023-09-22,Total Monitored Articles,178163
2023-09-23,Article Count,1
2023-09-23,Total Monitored Articles,124795
2023-09-24,Article Count,0
2023-09-24,Total Monitored Articles,142852
2023-09-25,Article Count,0
2023-09-25,Total Monitored Articles,173426
2023-09-26,Article Count,1
2023-09-26,Total Monitored Articles,182311
2023-09-27,Article Count,1
2023-09-27,Total Monitored Articles,154549
2023-09-28,Article Count,0
2023-09-28,Total Monitored Articles,199824
2023-09-29,Article Count,0
2023-09-29,Total Monitored Articles,160465
2023-09-30,Article Count,0
2023-09-30,Total Monitored Articles,149281
2023-10-01,Article Count,0
2023-10-01,Total Monitored Articles,135610
2023-10-02,Article Count,0
2023-10-02,Total Monitored Articles,154452
2023-10-03,Article Count,0
2023-10-03,Total Monitored Articles,171328
2023-10-04,Article Count,2
2023-10-04,Total Monitored Articles,186699
2023-10-05,Article Count,2
2023-10-05,Total Monitored Articles,216375
2023-10-06,Article Count,0
2023-10-06,Total Monitored Articles,173083
2023-10-07,Article Count,0
2023-10-07,Total Monitored Articles,91076
2023-10-08,Article Count,0
2023-10-08,Total Monitored Articles,91899
2023-10-09,Article Count,0
2023-10-09,Total Monitored Articles,115533
2023-10-10,Article Count,0
2023-10-10,Total Monitored Articles,126608
2023-10-11,Article Count,0
2023-10-11,Total Monitored Articles,130540
2023-10-12,Article Count,1
2023-10-12,Total Monitored Articles,169262
2023-10-13,Article Count,0
2023-10-13,Total Monitored Articles,146885
2023-10-14,Article Count,0
2023-10-14,Total Monitored Articles,95863
2023-10-15,Article Count,0
2023-10-15,Total Monitored Articles,78624
2023-10-16,Article Count,0
2023-10-16,Total Monitored Articles,132815
2023-10-17,Article Count,0
2023-10-17,Total Monitored Articles,187328
2023-10-18,Article Count,3
2023-10-18,Total Monitored Articles,169905
2023-10-19,Article Count,3
2023-10-19,Total Monitored Articles,176409
2023-10-20,Article Count,0
2023-10-20,Total Monitored Articles,114128
2023-10-21,Article Count,0
2023-10-21,Total Monitored Articles,119189
2023-10-22,Article Count,0
2023-10-22,Total Monitored Articles,84977
2023-10-23,Article Count,0
2023-10-23,Total Monitored Articles,158369
2023-10-24,Article Count,1
2023-10-24,Total Monitored Articles,177655
2023-10-25,Article Count,0
2023-10-25,Total Monitored Articles,215109
2023-10-26,Article Count,0
2023-10-26,Total Monitored Articles,170559
2023-10-27,Article Count,2
2023-10-27,Total Monitored Articles,170450
2023-10-28,Article Count,3
2023-10-28,Total Monitored Articles,146274
2023-10-29,Article Count,0
2023-10-29,Total Monitored Articles,110515
2023-10-30,Article Count,0
2023-10-30,Total Monitored Articles,129977
2023-10-31,Article Count,0
2023-10-31,Total Monitored Articles,169323
2023-11-01,Article Count,0
2023-11-01,Total Monitored Articles,147785
2023-11-02,Article Count,1
2023-11-02,Total Monitored Articles,166904
2023-11-03,Article Count,7
2023-11-03,Total Monitored Articles,152405
2023-11-04,Article Count,0
2023-11-04,Total Monitored Articles,101032
2023-11-05,Article Count,0
2023-11-05,Total Monitored Articles,127561
2023-11-06,Article Count,0
2023-11-06,Total Monitored Articles,155960
2023-11-07,Article Count,0
2023-11-07,Total Monitored Articles,170213
2023-11-08,Article Count,1
2023-11-08,Total Monitored Articles,149959
2023-11-09,Article Count,1
2023-11-09,Total Monitored Articles,209336
2023-11-10,Article Count,0
2023-11-10,Total Monitored Articles,200923
2023-11-11,Article Count,0
2023-11-11,Total Monitored Articles,115041
2023-11-12,Article Count,1
2023-11-12,Total Monitored Articles,93017
2023-11-13,Article Count,1
2023-11-13,Total Monitored Articles,133433
2023-11-14,Article Count,0
2023-11-14,Total Monitored Articles,186310
2023-11-15,Article Count,0
2023-11-15,Total Monitored Articles,140627
2023-11-16,Article Count,1
2023-11-16,Total Monitored Articles,129541
2023-11-17,Article Count,4
2023-11-17,Total Monitored Articles,189962
2023-11-18,Article Count,0
2023-11-18,Total Monitored Articles,125998
2023-11-19,Article Count,0
2023-11-19,Total Monitored Articles,124886
2023-11-20,Article Count,0
2023-11-20,Total Monitored Articles,134001
2023-11-21,Article Count,0
2023-11-21,Total Monitored Articles,198767
2023-11-22,Article Count,0
2023-11-22,Total Monitored Articles,176058
2023-11-23,Article Count,0
2023-11-23,Total Monitored Articles,172245
2023-11-24,Article Count,0
2023-11-24,Total Monitored Articles,180849
2023-11-25,Article Count,0
2023-11-25,Total Monitored Articles,133930
2023-11-26,Article Count,0
2023-11-26,Total Monitored Articles,110676
2023-11-27,Article Count,0
2023-11-27,Total Monitored Articles,164316
2023-11-28,Article Count,0
2023-11-28,Total Monitored Articles,223500
2023-11-29,Article Count,0
2023-11-29,Total Monitored Articles,184122
2023-11-30,Article Count,0
2023-11-30,Total Monitored Articles,194331
2023-12-01,Article Count,0
2023-12-01,Total Monitored Articles,151027
2023-12-02,Article Count,0
2023-12-02,Total Monitored Articles,120770
2023-12-03,Article Count,1
2023-12-03,Total Monitored Articles,133714
2023-12-04,Article Count,0
2023-12-04,Total Monitored Articles,157134
2023-12-05,Article Count,0
2023-12-05,Total Monitored Articles,169039
2023-12-06,Article Count,0
2023-12-06,Total Monitored Articles,186015
2023-12-07,Article Count,0
2023-12-07,Total Monitored Articles,196748
2023-12-08,Article Count,0
2023-12-08,Total Monitored Articles,215467
2023-12-09,Article Count,0
2023-12-09,Total Monitored Articles,116866
2023-12-10,Article Count,0
2023-12-10,Total Monitored Articles,103600
2023-12-11,Article Count,0
2023-12-11,Total Monitored Articles,124992
2023-12-12,Article Count,0
2023-12-12,Total Monitored Articles,219548
2023-12-13,Article Count,0
2023-12-13,Total Monitored Articles,218833
2023-12-14,Article Count,0
2023-12-14,Total Monitored Articles,160802
2023-12-15,Article Count,0
2023-12-15,Total Monitored Articles,156187
2023-12-16,Article Count,0
2023-12-16,Total Monitored Articles,121961
2023-12-17,Article Count,0
2023-12-17,Total Monitored Articles,151582
2023-12-18,Article Count,0
2023-12-18,Total Monitored Articles,141168
2023-12-19,Article Count,1
2023-12-19,Total Monitored Articles,214015
2023-12-20,Article Count,9
2023-12-20,Total Monitored Articles,178715
2023-12-21,Article Count,0
2023-12-21,Total Monitored Articles,155154
2023-12-22,Article Count,0
2023-12-22,Total Monitored Articles,183833
2023-12-23,Article Count,0
2023-12-23,Total Monitored Articles,156584
2023-12-24,Article Count,0
2023-12-24,Total Monitored Articles,108256
2023-12-25,Article Count,0
2023-12-25,Total Monitored Articles,67702
2023-12-26,Article Count,0
2023-12-26,Total Monitored Articles,156946
2023-12-27,Article Count,0
2023-12-27,Total Monitored Articles,174484
2023-12-28,Article Count,0
2023-12-28,Total Monitored Articles,157864
2023-12-29,Article Count,0
2023-12-29,Total Monitored Articles,157500
2023-12-30,Article Count,0
2023-12-30,Total Monitored Articles,111724
2023-12-31,Article Count,0
2023-12-31,Total Monitored Articles,129642
2024-01-01,Article Count,1
2024-01-01,Total Monitored Articles,89190
2024-01-02,Article Count,0
2024-01-02,Total Monitored Articles,113699
2024-01-03,Article Count,0
2024-01-03,Total Monitored Articles,140100
2024-01-04,Article Count,0
2024-01-04,Total Monitored Articles,171729
2024-01-05,Article Count,0
2024-01-05,Total Monitored Articles,159932
2024-01-06,Article Count,0
2024-01-06,Total Monitored Articles,138110
2024-01-07,Article Count,0
2024-01-07,Total Monitored Articles,119268
2024-01-08,Article Count,0
2024-01-08,Total Monitored Articles,145645
2024-01-09,Article Count,0
2024-01-09,Total Monitored Articles,177323
2024-01-10,Article Count,0
2024-01-10,Total Monitored Articles,166167
2024-01-11,Article Count,0
2024-01-11,Total Monitored Articles,195500
2024-01-12,Article Count,0
2024-01-12,Total Monitored Articles,172514
2024-01-13,Article Count,0
2024-01-13,Total Monitored Articles,147067
2024-01-14,Article Count,0
2024-01-14,Total Monitored Articles,111874
2024-01-15,Article Count,0
2024-01-15,Total Monitored Articles,138847
2024-01-16,Article Count,1
2024-01-16,Total Monitored Articles,139504
2024-01-17,Article Count,0
2024-01-17,Total Monitored Articles,187584
2024-01-18,Article Count,0
2024-01-18,Total Monitored Articles,123453
2024-01-19,Article Count,1
2024-01-19,Total Monitored Articles,129124
2024-01-20,Article Count,1
2024-01-20,Total Monitored Articles,117394
2024-01-21,Article Count,0
2024-01-21,Total Monitored Articles,85576
2024-01-22,Article Count,0
2024-01-22,Total Monitored Articles,130299
2024-01-23,Article Count,0
2024-01-23,Total Monitored Articles,119743
2024-01-24,Article Count,0
2024-01-24,Total Monitored Articles,133013
2024-01-25,Article Count,0
2024-01-25,Total Monitored Articles,188441
2024-01-26,Article Count,0
2024-01-26,Total Monitored Articles,197000
2024-01-27,Article Count,2
2024-01-27,Total Monitored Articles,162317
2024-01-28,Article Count,0
2024-01-28,Total Monitored Articles,107314
2024-01-29,Article Count,0
2024-01-29,Total Monitored Articles,144438
2024-01-30,Article Count,0
2024-01-30,Total Monitored Articles,193756
2024-01-31,Article Count,0
2024-01-31,Total Monitored Articles,187171
2024-02-01,Article Count,1
2024-02-01,Total Monitored Articles,170741
2024-02-02,Article Count,3
2024-02-02,Total Monitored Articles,169964
2024-02-03,Article Count,0
2024-02-03,Total Monitored Articles,132987
2024-02-04,Article Count,0
2024-02-04,Total Monitored Articles,138854
2024-02-05,Article Count,0
2024-02-05,Total Monitored Articles,143659
2024-02-06,Article Count,0
2024-02-06,Total Monitored Articles,194393
2024-02-07,Article Count,0
2024-02-07,Total Monitored Articles,159546
2024-02-08,Article Count,0
2024-02-08,Total Monitored Articles,183884
2024-02-09,Article Count,0
2024-02-09,Total Monitored Articles,201755
2024-02-10,Article Count,0
2024-02-10,Total Monitored Articles,117498
2024-02-11,Article Count,0
2024-02-11,Total Monitored Articles,115592
2024-02-12,Article Count,0
2024-02-12,Total Monitored Articles,164793
2024-02-13,Article Count,0
2024-02-13,Total Monitored Articles,139338
2024-02-14,Article Count,1
2024-02-14,Total Monitored Articles,189036
2024-02-15,Article Count,0
2024-02-15,Total Monitored Articles,225807
2024-02-16,Article Count,2
2024-02-16,Total Monitored Articles,220300
2024-02-17,Article Count,0
2024-02-17,Total Monitored Articles,146161
2024-02-18,Article Count,0
2024-02-18,Total Monitored Articles,129679
2024-02-19,Article Count,0
2024-02-19,Total Monitored Articles,169937
2024-02-20,Article Count,0
2024-02-20,Total Monitored Articles,211561
2024-02-21,Article Count,0
2024-02-21,Total Monitored Articles,200552
2024-02-22,Article Count,1
2024-02-22,Total Monitored Articles,198098
2024-02-23,Article Count,0
2024-02-23,Total Monitored Articles,105832
2024-02-24,Article Count,0
2024-02-24,Total Monitored Articles,161543
2024-02-25,Article Count,0
2024-02-25,Total Monitored Articles,150623
2024-02-26,Article Count,1
2024-02-26,Total Monitored Articles,138508
2024-02-27,Article Count,0
2024-02-27,Total Monitored Articles,150279
2024-02-28,Article Count,0
2024-02-28,Total Monitored Articles,206743
2024-02-29,Article Count,1
2024-02-29,Total Monitored Articles,200452
2024-03-01,Article Count,1
2024-03-01,Total Monitored Articles,187716
2024-03-02,Article Count,0
2024-03-02,Total Monitored Articles,144391
2024-03-03,Article Count,0
2024-03-03,Total Monitored Articles,131509
2024-03-04,Article Count,0
2024-03-04,Total Monitored Articles,184811
2024-03-05,Article Count,0
2024-03-05,Total Monitored Articles,190856
2024-03-06,Article Count,0
2024-03-06,Total Monitored Articles,193126
2024-03-07,Article Count,2
2024-03-07,Total Monitored Articles,186762
2024-03-08,Article Count,0
2024-03-08,Total Monitored Articles,160527
2024-03-09,Article Count,0
2024-03-09,Total Monitored Articles,170167
2024-03-10,Article Count,0
2024-03-10,Total Monitored Articles,170218
2024-03-11,Article Count,0
2024-03-11,Total Monitored Articles,198731
2024-03-12,Article Count,0
2024-03-12,Total Monitored Articles,170229
2024-03-13,Article Count,0
2024-03-13,Total Monitored Articles,171085
2024-03-14,Article Count,1
2024-03-14,Total Monitored Articles,162980
2024-03-15,Article Count,0
2024-03-15,Total Monitored Articles,160201
2024-03-16,Article Count,0
2024-03-16,Total Monitored Articles,137076
2024-03-17,Article Count,0
2024-03-17,Total Monitored Articles,161071
2024-03-18,Article Count,0
2024-03-18,Total Monitored Articles,175371
2024-03-19,Article Count,0
2024-03-19,Total Monitored Articles,175743
2024-03-20,Article Count,0
2024-03-20,Total Monitored Articles,210514
2024-03-21,Article Count,0
2024-03-21,Total Monitored Articles,185451
2024-03-22,Article Count,0
2024-03-22,Total Monitored Articles,165658
2024-03-23,Article Count,0
2024-03-23,Total Monitored Articles,145095
2024-03-24,Article Count,0
2024-03-24,Total Monitored Articles,123510
2024-03-25,Article Count,51
2024-03-25,Total Monitored Articles,177504
2024-03-26,Article Count,0
2024-03-26,Total Monitored Articles,177318
2024-03-27,Article Count,0
2024-03-27,Total Monitored Articles,177554
2024-03-28,Article Count,6
2024-03-28,Total Monitored Articles,192006
2024-03-29,Article Count,0
2024-03-29,Total Monitored Articles,190037
2024-03-30,Article Count,0
2024-03-30,Total Monitored Articles,160171
2024-03-31,Article Count,0
2024-03-31,Total Monitored Articles,112476
2024-04-01,Article Count,4
2024-04-01,Total Monitored Articles,179197
2024-04-02,Article Count,0
2024-04-02,Total Monitored Articles,172285
2024-04-03,Article Count,0
2024-04-03,Total Monitored Articles,202407
2024-04-04,Article Count,0
2024-04-04,Total Monitored Articles,216408
2024-04-05,Article Count,0
2024-04-05,Total Monitored Articles,190455
2024-04-06,Article Count,0
2024-04-06,Total Monitored Articles,175582
2024-04-07,Article Count,1
2024-04-07,Total Monitored Articles,147984
2024-04-08,Article Count,0
2024-04-08,Total Monitored Articles,211851
2024-04-09,Article Count,0
2024-04-09,Total Monitored Articles,177471
2024-04-10,Article Count,0
2024-04-10,Total Monitored Articles,169668
2024-04-11,Article Count,0
2024-04-11,Total Monitored Articles,213093
2024-04-12,Article Count,0
2024-04-12,Total Monitored Articles,187191
2024-04-13,Article Count,0
2024-04-13,Total Monitored Articles,159360
2024-04-14,Article Count,0
2024-04-14,Total Monitored Articles,129714
2024-04-15,Article Count,1
2024-04-15,Total Monitored Articles,169485
2024-04-16,Article Count,2
2024-04-16,Total Monitored Articles,201421
2024-04-17,Article Count,0
2024-04-17,Total Monitored Articles,166613
2024-04-18,Article Count,0
2024-04-18,Total Monitored Articles,202250
2024-04-19,Article Count,0
2024-04-19,Total Monitored Articles,161605
2024-04-20,Article Count,0
2024-04-20,Total Monitored Articles,156319
2024-04-21,Article Count,0
2024-04-21,Total Monitored Articles,114106
2024-04-22,Article Count,0
2024-04-22,Total Monitored Articles,179557
2024-04-23,Article Count,0
2024-04-23,Total Monitored Articles,171217
2024-04-24,Article Count,0
2024-04-24,Total Monitored Articles,188471
2024-04-25,Article Count,2
2024-04-25,Total Monitored Articles,188895
2024-04-26,Article Count,0
2024-04-26,Total Monitored Articles,172376
2024-04-27,Article Count,0
2024-04-27,Total Monitored Articles,153287
2024-04-28,Article Count,0
2024-04-28,Total Monitored Articles,106130
2024-04-29,Article Count,0
2024-04-29,Total Monitored Articles,165371
2024-04-30,Article Count,0
2024-04-30,Total Monitored Articles,180860
2024-05-01,Article Count,0
2024-05-01,Total Monitored Articles,106687
2024-05-02,Article Count,0
2024-05-02,Total Monitored Articles,160421
2024-05-03,Article Count,0
2024-05-03,Total Monitored Articles,125042
2024-05-04,Article Count,0
2024-05-04,Total Monitored Articles,148807
2024-05-05,Article Count,0
2024-05-05,Total Monitored Articles,104511
2024-05-06,Article Count,2
2024-05-06,Total Monitored Articles,124470
2024-05-07,Article Count,1
2024-05-07,Total Monitored Articles,186112
2024-05-08,Article Count,1
2024-05-08,Total Monitored Articles,151518
2024-05-09,Article Count,0
2024-05-09,Total Monitored Articles,164963
2024-05-10,Article Count,0
2024-05-10,Total Monitored Articles,133533
2024-05-11,Article Count,0
2024-05-11,Total Monitored Articles,135497
2024-05-12,Article Count,0
2024-05-12,Total Monitored Articles,118000
2024-05-13,Article Count,0
2024-05-13,Total Monitored Articles,144350
2024-05-14,Article Count,0
2024-05-14,Total Monitored Articles,190244
2024-05-15,Article Count,2
2024-05-15,Total Monitored Articles,182168
2024-05-16,Article Count,4
2024-05-16,Total Monitored Articles,181943
2024-05-17,Article Count,0
2024-05-17,Total Monitored Articles,163695
2024-05-18,Article Count,1
2024-05-18,Total Monitored Articles,145343
2024-05-19,Article Count,0
2024-05-19,Total Monitored Articles,116596
2024-05-20,Article Count,0
2024-05-20,Total Monitored Articles,161508
2024-05-21,Article Count,2
2024-05-21,Total Monitored Articles,153208
2024-05-22,Article Count,0
2024-05-22,Total Monitored Articles,188956
2024-05-23,Article Count,1
2024-05-23,Total Monitored Articles,219577
2024-05-24,Article Count,2
2024-05-24,Total Monitored Articles,131007
2024-05-25,Article Count,0
2024-05-25,Total Monitored Articles,122656
2024-05-26,Article Count,0
2024-05-26,Total Monitored Articles,128158
2024-05-27,Article Count,0
2024-05-27,Total Monitored Articles,193092
2024-05-28,Article Count,0
2024-05-28,Total Monitored Articles,196673
2024-05-29,Article Count,0
2024-05-29,Total Monitored Articles,170678
2024-05-30,Article Count,0
2024-05-30,Total Monitored Articles,210164
2024-05-31,Article Count,0
2024-05-31,Total Monitored Articles,207963
2024-06-01,Article Count,0
2024-06-01,Total Monitored Articles,156486
2024-06-02,Article Count,0
2024-06-02,Total Monitored Articles,138518
2024-06-03,Article Count,0
2024-06-03,Total Monitored Articles,188558
2024-06-04,Article Count,0
2024-06-04,Total Monitored Articles,166875
2024-06-05,Article Count,1
2024-06-05,Total Monitored Articles,200349
2024-06-06,Article Count,0
2024-06-06,Total Monitored Articles,208943
2024-06-07,Article Count,2
2024-06-07,Total Monitored Articles,231597
2024-06-08,Article Count,41
2024-06-08,Total Monitored Articles,158057
2024-06-09,Article Count,4
2024-06-09,Total Monitored Articles,142147
2024-06-10,Article Count,0
2024-06-10,Total Monitored Articles,167634
2024-06-11,Article Count,0
2024-06-11,Total Monitored Articles,204509
2024-06-12,Article Count,0
2024-06-12,Total Monitored Articles,136133
2024-06-13,Article Count,1
2024-06-13,Total Monitored Articles,197821
2024-06-14,Article Count,0
2024-06-14,Total Monitored Articles,165027
2024-06-15,Article Count,3
2024-06-15,Total Monitored Articles,159259
2024-06-16,Article Count,1
2024-06-16,Total Monitored Articles,120864
2024-06-17,Article Count,0
2024-06-17,Total Monitored Articles,119322
2024-06-18,Article Count,0
2024-06-18,Total Monitored Articles,213094
2024-06-19,Article Count,0
2024-06-19,Total Monitored Articles,231003
2024-06-20,Article Count,1
2024-06-20,Total Monitored Articles,190574
2024-06-21,Article Count,0
2024-06-21,Total Monitored Articles,149776
2024-06-22,Article Count,0
2024-06-22,Total Monitored Articles,131907
2024-06-23,Article Count,9
2024-06-23,Total Monitored Articles,112752
2024-06-24,Article Count,8
2024-06-24,Total Monitored Articles,163971
2024-06-25,Article Count,2
2024-06-25,Total Monitored Articles,160539
2024-06-26,Article Count,0
2024-06-26,Total Monitored Articles,201405
2024-06-27,Article Count,0
2024-06-27,Total Monitored Articles,226072
2024-06-28,Article Count,0
2024-06-28,Total Monitored Articles,206227
2024-06-29,Article Count,0
2024-06-29,Total Monitored Articles,157556
2024-06-30,Article Count,0
2024-06-30,Total Monitored Articles,141539
2024-07-01,Article Count,1
2024-07-01,Total Monitored Articles,160604
2024-07-02,Article Count,0
2024-07-02,Total Monitored Articles,179768
2024-07-03,Article Count,0
2024-07-03,Total Monitored Articles,177855
2024-07-04,Article Count,0
2024-07-04,Total Monitored Articles,193278
2024-07-05,Article Count,1
2024-07-05,Total Monitored Articles,199750
2024-07-06,Article Count,0
2024-07-06,Total Monitored Articles,157083
2024-07-07,Article Count,0
2024-07-07,Total Monitored Articles,130927
2024-07-08,Article Count,1
2024-07-08,Total Monitored Articles,147898
2024-07-09,Article Count,0
2024-07-09,Total Monitored Articles,152804
2024-07-10,Article Count,0
2024-07-10,Total Monitored Articles,215933
2024-07-11,Article Count,0
2024-07-11,Total Monitored Articles,205430
2024-07-12,Article Count,0
2024-07-12,Total Monitored Articles,198313
2024-07-13,Article Count,0
2024-07-13,Total Monitored Articles,132717
2024-07-14,Article Count,0
2024-07-14,Total Monitored Articles,140079
2024-07-15,Article Count,0
2024-07-15,Total Monitored Articles,191877
2024-07-16,Article Count,0
2024-07-16,Total Monitored Articles,182588
2024-07-17,Article Count,0
2024-07-17,Total Monitored Articles,184270
2024-07-18,Article Count,0
2024-07-18,Total Monitored Articles,182116
2024-07-19,Article Count,0
2024-07-19,Total Monitored Articles,184219
2024-07-20,Article Count,0
2024-07-20,Total Monitored Articles,164644
2024-07-21,Article Count,0
2024-07-21,Total Monitored Articles,150044
2024-07-22,Article Count,0
2024-07-22,Total Monitored Articles,89543
2024-07-23,Article Count,0
2024-07-23,Total Monitored Articles,190208
2024-07-24,Article Count,0
2024-07-24,Total Monitored Articles,173006
2024-07-25,Article Count,0
2024-07-25,Total Monitored Articles,144518
2024-07-26,Article Count,0
2024-07-26,Total Monitored Articles,165640
2024-07-27,Article Count,0
2024-07-27,Total Monitored Articles,122465
2024-07-28,Article Count,0
2024-07-28,Total Monitored Articles,95008
2024-07-29,Article Count,0
2024-07-29,Total Monitored Articles,162348
2024-07-30,Article Count,0
2024-07-30,Total Monitored Articles,190973
2024-07-31,Article Count,3
2024-07-31,Total Monitored Articles,198619
2024-08-01,Article Count,1
2024-08-01,Total Monitored Articles,189920
2024-08-02,Article Count,1
2024-08-02,Total Monitored Articles,178894
2024-08-03,Article Count,0
2024-08-03,Total Monitored Articles,140406
2024-08-04,Article Count,0
2024-08-04,Total Monitored Articles,110426
2024-08-05,Article Count,1
2024-08-05,Total Monitored Articles,79248
2024-08-06,Article Count,0
2024-08-06,Total Monitored Articles,149617
2024-08-07,Article Count,1
2024-08-07,Total Monitored Articles,170721
2024-08-08,Article Count,0
2024-08-08,Total Monitored Articles,165274
2024-08-09,Article Count,0
2024-08-09,Total Monitored Articles,166906
2024-08-10,Article Count,0
2024-08-10,Total Monitored Articles,118279
2024-08-11,Article Count,0
2024-08-11,Total Monitored Articles,89140
2024-08-12,Article Count,0
2024-08-12,Total Monitored Articles,136137
2024-08-13,Article Count,4
2024-08-13,Total Monitored Articles,185310
2024-08-14,Article Count,0
2024-08-14,Total Monitored Articles,199813
2024-08-15,Article Count,1
2024-08-15,Total Monitored Articles,179147
2024-08-16,Article Count,0
2024-08-16,Total Monitored Articles,128548
2024-08-17,Article Count,4
2024-08-17,Total Monitored Articles,138475
2024-08-18,Article Count,0
2024-08-18,Total Monitored Articles,136961
2024-08-19,Article Count,0
2024-08-19,Total Monitored Articles,160250
2024-08-20,Article Count,0
2024-08-20,Total Monitored Articles,104431
2024-08-21,Article Count,0
2024-08-21,Total Monitored Articles,194803
2024-08-22,Article Count,0
2024-08-22,Total Monitored Articles,197770
2024-08-23,Article Count,0
2024-08-23,Total Monitored Articles,157712
2024-08-24,Article Count,0
2024-08-24,Total Monitored Articles,156573
2024-08-25,Article Count,0
2024-08-25,Total Monitored Articles,129669
2024-08-26,Article Count,0
2024-08-26,Total Monitored Articles,167063
2024-08-27,Article Count,0
2024-08-27,Total Monitored Articles,198998
2024-08-28,Article Count,0
2024-08-28,Total Monitored Articles,178875
2024-08-29,Article Count,0
2024-08-29,Total Monitored Articles,186736
2024-08-30,Article Count,0
2024-08-30,Total Monitored Articles,179304
2024-08-31,Article Count,0
2024-08-31,Total Monitored Articles,111009
2024-09-01,Article Count,0
2024-09-01,Total Monitored Articles,116407
2024-09-02,Article Count,0
2024-09-02,Total Monitored Articles,209420
2024-09-03,Article Count,5
2024-09-03,Total Monitored Articles,206592
2024-09-04,Article Count,4
2024-09-04,Total Monitored Articles,199483
2024-09-05,Article Count,4
2024-09-05,Total Monitored Articles,180598
2024-09-06,Article Count,9
2024-09-06,Total Monitored Articles,190187
2024-09-07,Article Count,0
2024-09-07,Total Monitored Articles,125417
2024-09-08,Article Count,28
2024-09-08,Total Monitored Articles,130729
2024-09-09,Article Count,5
2024-09-09,Total Monitored Articles,163112
2024-09-10,Article Count,0
2024-09-10,Total Monitored Articles,238194
2024-09-11,Article Count,0
2024-09-11,Total Monitored Articles,179121
2024-09-12,Article Count,0
2024-09-12,Total Monitored Articles,168826
2024-09-13,Article Count,0
2024-09-13,Total Monitored Articles,205431
2024-09-14,Article Count,0
2024-09-14,Total Monitored Articles,152195
2024-09-15,Article Count,0
2024-09-15,Total Monitored Articles,124319
2024-09-16,Article Count,0
2024-09-16,Total Monitored Articles,132386
2024-09-17,Article Count,0
2024-09-17,Total Monitored Articles,163393
2024-09-18,Article Count,0
2024-09-18,Total Monitored Articles,221249
2024-09-19,Article Count,0
2024-09-19,Total Monitored Articles,188977
2024-09-20,Article Count,0
2024-09-20,Total Monitored Articles,224012
2024-09-21,Article Count,0
2024-09-21,Total Monitored Articles,148285
2024-09-22,Article Count,1
2024-09-22,Total Monitored Articles,146046
2024-09-23,Article Count,1
2024-09-23,Total Monitored Articles,195587
2024-09-24,Article Count,0
2024-09-24,Total Monitored Articles,206128
2024-09-25,Article Count,0
2024-09-25,Total Monitored Articles,192030
2024-09-26,Article Count,0
2024-09-26,Total Monitored Articles,167629
2024-09-27,Article Count,1
2024-09-27,Total Monitored Articles,158144
2024-09-28,Article Count,3
2024-09-28,Total Monitored Articles,145281
2024-09-29,Article Count,0
2024-09-29,Total Monitored Articles,151914
2024-09-30,Article Count,0
2024-09-30,Total Monitored Articles,173071
2024-10-01,Article Count,0
2024-10-01,Total Monitored Articles,175072
2024-10-02,Article Count,0
2024-10-02,Total Monitored Articles,179072
2024-10-03,Article Count,0
2024-10-03,Total Monitored Articles,166406
2024-10-04,Article Count,0
2024-10-04,Total Monitored Articles,195619
2024-10-05,Article Count,0
2024-10-05,Total Monitored Articles,141577
2024-10-06,Article Count,0
2024-10-06,Total Monitored Articles,102314
2024-10-07,Article Count,0
2024-10-07,Total Monitored Articles,177340
2024-10-08,Article Count,0
2024-10-08,Total Monitored Articles,175297
2024-10-09,Article Count,0
2024-10-09,Total Monitored Articles,132262
2024-10-10,Article Count,0
2024-10-10,Total Monitored Articles,182778
2024-10-11,Article Count,0
2024-10-11,Total Monitored Articles,169743
2024-10-12,Article Count,1
2024-10-12,Total Monitored Articles,145992
2024-10-13,Article Count,0
2024-10-13,Total Monitored Articles,138674
2024-10-14,Article Count,0
2024-10-14,Total Monitored Articles,148714
2024-10-15,Article Count,0
2024-10-15,Total Monitored Articles,194160
2024-10-16,Article Count,3
2024-10-16,Total Monitored Articles,196216
2024-10-17,Article Count,0
2024-10-17,Total Monitored Articles,199972
2024-10-18,Article Count,0
2024-10-18,Total Monitored Articles,138084
2024-10-19,Article Count,0
2024-10-19,Total Monitored Articles,103200
2024-10-20,Article Count,0
2024-10-20,Total Monitored Articles,118865
2024-10-21,Article Count,1
2024-10-21,Total Monitored Articles,173511
2024-10-22,Article Count,4
2024-10-22,Total Monitored Articles,166549
2024-10-23,Article Count,1
2024-10-23,Total Monitored Articles,189632
2024-10-24,Article Count,0
2024-10-24,Total Monitored Articles,170851
2024-10-25,Article Count,0
2024-10-25,Total Monitored Articles,175678
2024-10-26,Article Count,0
2024-10-26,Total Monitored Articles,123994
2024-10-27,Article Count,0
2024-10-27,Total Monitored Articles,131380
2024-10-28,Article Count,0
2024-10-28,Total Monitored Articles,187408
2024-10-29,Article Count,0
2024-10-29,Total Monitored Articles,178315
2024-10-30,Article Count,5
2024-10-30,Total Monitored Articles,140337
2024-10-31,Article Count,1
2024-10-31,Total Monitored Articles,179010
2024-11-01,Article Count,0
2024-11-01,Total Monitored Articles,166175
2024-11-02,Article Count,0
2024-11-02,Total Monitored Articles,103170
2024-11-03,Article Count,0
2024-11-03,Total Monitored Articles,147260
2024-11-04,Article Count,1
2024-11-04,Total Monitored Articles,182741
2024-11-05,Article Count,1
2024-11-05,Total Monitored Articles,196357
2024-11-06,Article Count,0
2024-11-06,Total Monitored Articles,160310
2024-11-07,Article Count,0
2024-11-07,Total Monitored Articles,163802
2024-11-08,Article Count,0
2024-11-08,Total Monitored Articles,173030
2024-11-09,Article Count,0
2024-11-09,Total Monitored Articles,124030
2024-11-10,Article Count,0
2024-11-10,Total Monitored Articles,132910
2024-11-11,Article Count,0
2024-11-11,Total Monitored Articles,179904
2024-11-12,Article Count,0
2024-11-12,Total Monitored Articles,210850
2024-11-13,Article Count,0
2024-11-13,Total Monitored Articles,171514
2024-11-14,Article Count,0
2024-11-14,Total Monitored Articles,175538
2024-11-15,Article Count,0
2024-11-15,Total Monitored Articles,162652
2024-11-16,Article Count,0
2024-11-16,Total Monitored Articles,81623
2024-11-17,Article Count,0
2024-11-17,Total Monitored Articles,99461
2024-11-18,Article Count,0
2024-11-18,Total Monitored Articles,174715
2024-11-19,Article Count,0
2024-11-19,Total Monitored Articles,156682
2024-11-20,Article Count,0
2024-11-20,Total Monitored Articles,210518
2024-11-21,Article Count,0
2024-11-21,Total Monitored Articles,203099
2024-11-22,Article Count,5
2024-11-22,Total Monitored Articles,192266
2024-11-23,Article Count,2
2024-11-23,Total Monitored Articles,146949
2024-11-24,Article Count,2
2024-11-24,Total Monitored Articles,109499
2024-11-25,Article Count,0
2024-11-25,Total Monitored Articles,144135
2024-11-26,Article Count,0
2024-11-26,Total Monitored Articles,207610
2024-11-27,Article Count,0
2024-11-27,Total Monitored Articles,213391
2024-11-28,Article Count,0
2024-11-28,Total Monitored Articles,212238
2024-11-29,Article Count,0
2024-11-29,Total Monitored Articles,176134
2024-11-30,Article Count,1
2024-11-30,Total Monitored Articles,128377
2024-12-01,Article Count,0
2024-12-01,Total Monitored Articles,130167
2024-12-02,Article Count,0
2024-12-02,Total Monitored Articles,161424
2024-12-03,Article Count,0
2024-12-03,Total Monitored Articles,207756
2024-12-04,Article Count,0
2024-12-04,Total Monitored Articles,194927
2024-12-05,Article Count,0
2024-12-05,Total Monitored Articles,212019
2024-12-06,Article Count,0
2024-12-06,Total Monitored Articles,167484
2024-12-07,Article Count,0
2024-12-07,Total Monitored Articles,127697
2024-12-08,Article Count,0
2024-12-08,Total Monitored Articles,116570
2024-12-09,Article Count,0
2024-12-09,Total Monitored Articles,176466
2024-12-10,Article Count,1
2024-12-10,Total Monitored Articles,191851
2024-12-11,Article Count,0
2024-12-11,Total Monitored Articles,170161
2024-12-12,Article Count,0
2024-12-12,Total Monitored Articles,184790
2024-12-13,Article Count,0
2024-12-13,Total Monitored Articles,192184
2024-12-14,Article Count,0
2024-12-14,Total Monitored Articles,142091
2024-12-15,Article Count,0
2024-12-15,Total Monitored Articles,116943
2024-12-16,Article Count,0
2024-12-16,Total Monitored Articles,169765
2024-12-17,Article Count,1
2024-12-17,Total Monitored Articles,197280
2024-12-18,Article Count,2
2024-12-18,Total Monitored Articles,240538
2024-12-19,Article Count,2
2024-12-19,Total Monitored Articles,190728
2024-12-20,Article Count,1
2024-12-20,Total Monitored Articles,170707
2024-12-21,Article Count,0
2024-12-21,Total Monitored Articles,107483
2024-12-22,Article Count,0
2024-12-22,Total Monitored Articles,97987
2024-12-23,Article Count,2
2024-12-23,Total Monitored Articles,169788
2024-12-24,Article Count,1
2024-12-24,Total Monitored Articles,132293
2024-12-25,Article Count,0
2024-12-25,Total Monitored Articles,88278
2024-12-26,Article Count,0
2024-12-26,Total Monitored Articles,142705
2024-12-27,Article Count,0
2024-12-27,Total Monitored Articles,158638
2024-12-28,Article Count,0
2024-12-28,Total Monitored Articles,107098
2024-12-29,Article Count,0
2024-12-29,Total Monitored Articles,83258
2024-12-30,Article Count,1
2024-12-30,Total Monitored Articles,124712
2024-12-31,Article Count,2
2024-12-31,Total Monitored Articles,196478
2025-01-01,Article Count,0
2025-01-01,Total Monitored Articles,110544
2025-01-02,Article Count,0
2025-01-02,Total Monitored Articles,166479
2025-01-03,Article Count,1
2025-01-03,Total Monitored Articles,172746
2025-01-04,Article Count,0
2025-01-04,Total Monitored Articles,102004
2025-01-05,Article Count,0
2025-01-05,Total Monitored Articles,90987
2025-01-06,Article Count,2
2025-01-06,Total Monitored Articles,159758
2025-01-07,Article Count,0
2025-01-07,Total Monitored Articles,150772
2025-01-08,Article Count,1
2025-01-08,Total Monitored Articles,177479
2025-01-09,Article Count,0
2025-01-09,Total Monitored Articles,181403
2025-01-10,Article Count,0
2025-01-10,Total Monitored Articles,155374
2025-01-11,Article Count,0
2025-01-11,Total Monitored Articles,109738
2025-01-12,Article Count,3
2025-01-12,Total Monitored Articles,70901
2025-01-13,Article Count,0
2025-01-13,Total Monitored Articles,131607
2025-01-14,Article Count,0
2025-01-14,Total Monitored Articles,127172
2025-01-15,Article Count,0
2025-01-15,Total Monitored Articles,150299
2025-01-16,Article Count,0
2025-01-16,Total Monitored Articles,138396
2025-01-17,Article Count,0
2025-01-17,Total Monitored Articles,155773
2025-01-18,Article Count,0
2025-01-18,Total Monitored Articles,128684
2025-01-19,Article Count,0
2025-01-19,Total Monitored Articles,110387
2025-01-20,Article Count,3
2025-01-20,Total Monitored Articles,187476
2025-01-21,Article Count,0
2025-01-21,Total Monitored Articles,212622
2025-01-22,Article Count,1
2025-01-22,Total Monitored Articles,187993
2025-01-23,Article Count,0
2025-01-23,Total Monitored Articles,195938
2025-01-24,Article Count,0
2025-01-24,Total Monitored Articles,189463
2025-01-25,Article Count,0
2025-01-25,Total Monitored Articles,110440
2025-01-26,Article Count,0
2025-01-26,Total Monitored Articles,102184
2025-01-27,Article Count,23
2025-01-27,Total Monitored Articles,138628
2025-01-28,Article Count,0
2025-01-28,Total Monitored Articles,190351
2025-01-29,Article Count,1
2025-01-29,Total Monitored Articles,168274
2025-01-30,Article Count,0
2025-01-30,Total Monitored Articles,157324
2025-01-31,Article Count,0
2025-01-31,Total Monitored Articles,167534
2025-02-01,Article Count,0
2025-02-01,Total Monitored Articles,92039
2025-02-02,Article Count,0
2025-02-02,Total Monitored Articles,110377
2025-02-03,Article Count,0
2025-02-03,Total Monitored Articles,186101
2025-02-04,Article Count,1
2025-02-04,Total Monitored Articles,162139
2025-02-05,Article Count,0
2025-02-05,Total Monitored Articles,186388
2025-02-06,Article Count,2
2025-02-06,Total Monitored Articles,202216
2025-02-07,Article Count,0
2025-02-07,Total Monitored Articles,158384
2025-02-08,Article Count,0
2025-02-08,Total Monitored Articles,132743
2025-02-09,Article Count,0
2025-02-09,Total Monitored Articles,115863
2025-02-10,Article Count,0
2025-02-10,Total Monitored Articles,140672
2025-02-11,Article Count,1
2025-02-11,Total Monitored Articles,182701
2025-02-12,Article Count,0
2025-02-12,Total Monitored Articles,185809
2025-02-13,Article Count,0
2025-02-13,Total Monitored Articles,118550
2025-02-14,Article Count,0
2025-02-14,Total Monitored Articles,161128
2025-02-15,Article Count,0
2025-02-15,Total Monitored Articles,138021
2025-02-16,Article Count,0
2025-02-16,Total Monitored Articles,127452
2025-02-17,Article Count,0
2025-02-17,Total Monitored Articles,139350
2025-02-18,Article Count,0
2025-02-18,Total Monitored Articles,153238
2025-02-19,Article Count,1
2025-02-19,Total Monitored Articles,199733
2025-02-20,Article Count,0
2025-02-20,Total Monitored Articles,205029
2025-02-21,Article Count,0
2025-02-21,Total Monitored Articles,174412
2025-02-22,Article Count,0
2025-02-22,Total Monitored Articles,107777
2025-02-23,Article Count,0
2025-02-23,Total Monitored Articles,116624
2025-02-24,Article Count,0
2025-02-24,Total Monitored Articles,135066
2025-02-25,Article Count,0
2025-02-25,Total Monitored Articles,182279
2025-02-26,Article Count,0
2025-02-26,Total Monitored Articles,182552
2025-02-27,Article Count,1
2025-02-27,Total Monitored Articles,172936
2025-02-28,Article Count,0
2025-02-28,Total Monitored Articles,161894
2025-03-01,Article Count,0
2025-03-01,Total Monitored Articles,131626
2025-03-02,Article Count,0
2025-03-02,Total Monitored Articles,131604
2025-03-03,Article Count,2
2025-03-03,Total Monitored Articles,172234
2025-03-04,Article Count,0
2025-03-04,Total Monitored Articles,159421
2025-03-05,Article Count,1
2025-03-05,Total Monitored Articles,181208
2025-03-06,Article Count,2
2025-03-06,Total Monitored Articles,187926
2025-03-07,Article Count,0
2025-03-07,Total Monitored Articles,166003
2025-03-08,Article Count,0
2025-03-08,Total Monitored Articles,109079
2025-03-09,Article Count,0
2025-03-09,Total Monitored Articles,119609
2025-03-10,Article Count,0
2025-03-10,Total Monitored Articles,129782
2025-03-11,Article Count,0
2025-03-11,Total Monitored Articles,171286
2025-03-12,Article Count,3
2025-03-12,Total Monitored Articles,213354
2025-03-13,Article Count,0
2025-03-13,Total Monitored Articles,163234
2025-03-14,Article Count,1
2025-03-14,Total Monitored Articles,143512
2025-03-15,Article Count,1
2025-03-15,Total Monitored Articles,150245
2025-03-16,Article Count,0
2025-03-16,Total Monitored Articles,112469
2025-03-17,Article Count,0
2025-03-17,Total Monitored Articles,160620
2025-03-18,Article Count,0
2025-03-18,Total Monitored Articles,147941
2025-03-19,Article Count,1
2025-03-19,Total Monitored Articles,149691
2025-03-20,Article Count,0
2025-03-20,Total Monitored Articles,197273
2025-03-21,Article Count,1
2025-03-21,Total Monitored Articles,172522
2025-03-22,Article Count,0
2025-03-22,Total Monitored Articles,149284
2025-03-23,Article Count,0
2025-03-23,Total Monitored Articles,104219
2025-03-24,Article Count,0
2025-03-24,Total Monitored Articles,153599
2025-03-25,Article Count,0
2025-03-25,Total Monitored Articles,204855
2025-03-26,Article Count,0
2025-03-26,Total Monitored Articles,185704
2025-03-27,Article Count,0
2025-03-27,Total Monitored Articles,193692
2025-03-28,Article Count,4
2025-03-28,Total Monitored Articles,191047
2025-03-29,Article Count,0
2025-03-29,Total Monitored Articles,134699
2025-03-30,Article Count,2
2025-03-30,Total Monitored Articles,86924
2025-03-31,Article Count,21
2025-03-31,Total Monitored Articles,172293
2025-04-01,Article Count,0
2025-04-01,Total Monitored Articles,172861
2025-04-02,Article Count,1
2025-04-02,Total Monitored Articles,188793
2025-04-03,Article Count,0
2025-04-03,Total Monitored Articles,221947
2025-04-04,Article Count,0
2025-04-04,Total Monitored Articles,185299
2025-04-05,Article Count,0
2025-04-05,Total Monitored Articles,147776
2025-04-06,Article Count,0
2025-04-06,Total Monitored Articles,118945
2025-04-07,Article Count,0
2025-04-07,Total Monitored Articles,137322
2025-04-08,Article Count,0
2025-04-08,Total Monitored Articles,175789
2025-04-09,Article Count,0
2025-04-09,Total Monitored Articles,201814
2025-04-10,Article Count,1
2025-04-10,Total Monitored Articles,189314
2025-04-11,Article Count,0
2025-04-11,Total Monitored Articles,166352
2025-04-12,Article Count,0
2025-04-12,Total Monitored Articles,176536
2025-04-13,Article Count,0
2025-04-13,Total Monitored Articles,115680
2025-04-14,Article Count,2
2025-04-14,Total Monitored Articles,127257
2025-04-15,Article Count,0
2025-04-15,Total Monitored Articles,177031
2025-04-16,Article Count,0
2025-04-16,Total Monitored Articles,194439
2025-04-17,Article Count,0
2025-04-17,Total Monitored Articles,196536
2025-04-18,Article Count,1
2025-04-18,Total Monitored Articles,183104
2025-04-19,Article Count,0
2025-04-19,Total Monitored Articles,114390
2025-04-20,Article Count,0
2025-04-20,Total Monitored Articles,113903
2025-04-21,Article Count,1
2025-04-21,Total Monitored Articles,143372
2025-04-22,Article Count,1
2025-04-22,Total Monitored Articles,184415
2025-04-23,Article Count,10
2025-04-23,Total Monitored Articles,165490
2025-04-24,Article Count,0
2025-04-24,Total Monitored Articles,137983
2025-04-25,Article Count,0
2025-04-25,Total Monitored Articles,183720
2025-04-26,Article Count,0
2025-04-26,Total Monitored Articles,140252
2025-04-27,Article Count,0
2025-04-27,Total Monitored Articles,115405
2025-04-28,Article Count,0
2025-04-28,Total Monitored Articles,143480
2025-04-29,Article Count,0
2025-04-29,Total Monitored Articles,194849
2025-04-30,Article Count,1
2025-04-30,Total Monitored Articles,168980
2025-05-01,Article Count,0
2025-05-01,Total Monitored Articles,173886
2025-05-02,Article Count,0
2025-05-02,Total Monitored Articles,158770
2025-05-03,Article Count,0
2025-05-03,Total Monitored Articles,89978
2025-05-04,Article Count,0
2025-05-04,Total Monitored Articles,116129
2025-05-05,Article Count,1
2025-05-05,Total Monitored Articles,168173
2025-05-06,Article Count,0
2025-05-06,Total Monitored Articles,181052
2025-05-07,Article Count,0
2025-05-07,Total Monitored Articles,243794
2025-05-08,Article Count,2
2025-05-08,Total Monitored Articles,184921
2025-05-09,Article Count,0
2025-05-09,Total Monitored Articles,170563
2025-05-10,Article Count,0
2025-05-10,Total Monitored Articles,153500
2025-05-11,Article Count,0
2025-05-11,Total Monitored Articles,114321
2025-05-12,Article Count,2
2025-05-12,Total Monitored Articles,120174
2025-05-13,Article Count,0
2025-05-13,Total Monitored Articles,176961
2025-05-14,Article Count,0
2025-05-14,Total Monitored Articles,189461
2025-05-15,Article Count,1
2025-05-15,Total Monitored Articles,186698
2025-05-16,Article Count,0
2025-05-16,Total Monitored Articles,139790
2025-05-17,Article Count,0
2025-05-17,Total Monitored Articles,97351
2025-05-18,Article Count,1
2025-05-18,Total Monitored Articles,109054
2025-05-19,Article Count,1
2025-05-19,Total Monitored Articles,131172
2025-05-20,Article Count,0
2025-05-20,Total Monitored Articles,203626
2025-05-21,Article Count,0
2025-05-21,Total Monitored Articles,193050
2025-05-22,Article Count,0
2025-05-22,Total Monitored Articles,163960
2025-05-23,Article Count,0
2025-05-23,Total Monitored Articles,193113
2025-05-24,Article Count,0
2025-05-24,Total Monitored Articles,135120
2025-05-25,Article Count,0
2025-05-25,Total Monitored Articles,120721
2025-05-26,Article Count,0
2025-05-26,Total Monitored Articles,115182
2025-05-27,Article Count,12
2025-05-27,Total Monitored Articles,144106
2025-05-28,Article Count,5
2025-05-28,Total Monitored Articles,198963
2025-05-29,Article Count,0
2025-05-29,Total Monitored Articles,186412
2025-05-30,Article Count,2
2025-05-30,Total Monitored Articles,173524
2025-05-31,Article Count,0
2025-05-31,Total Monitored Articles,88577
2025-06-01,Article Count,1
2025-06-01,Total Monitored Articles,137294
2025-06-02,Article Count,0
2025-06-02,Total Monitored Articles,198616
2025-06-03,Article Count,0
2025-06-03,Total Monitored Articles,192617
2025-06-04,Article Count,0
2025-06-04,Total Monitored Articles,192077
2025-06-05,Article Count,0
2025-06-05,Total Monitored Articles,225902
2025-06-06,Article Count,0
2025-06-06,Total Monitored Articles,199034
2025-06-07,Article Count,0
2025-06-07,Total Monitored Articles,150814
2025-06-08,Article Count,0
2025-06-08,Total Monitored Articles,113396
2025-06-09,Article Count,0
2025-06-09,Total Monitored Articles,132479
2025-06-10,Article Count,0
2025-06-10,Total Monitored Articles,191463
2025-06-11,Article Count,0
2025-06-11,Total Monitored Articles,174563
2025-06-12,Article Count,0
2025-06-12,Total Monitored Articles,115094
2025-06-13,Article Count,0
2025-06-13,Total Monitored Articles,166299
2025-06-14,Article Count,0
2025-06-14,Total Monitored Articles,107034
2025-07-02,Article Count,0
2025-07-02,Total Monitored Articles,155637
2025-07-03,Article Count,0
2025-07-03,Total Monitored Articles,176232
2025-07-04,Article Count,0
2025-07-04,Total Monitored Articles,163782
2025-07-05,Article Count,0
2025-07-05,Total Monitored Articles,124725
2025-07-06,Article Count,0
2025-07-06,Total Monitored Articles,117366
2025-07-07,Article Count,0
2025-07-07,Total Monitored Articles,181127
2025-07-08,Article Count,0
2025-07-08,Total Monitored Articles,215932
2025-07-09,Article Count,1
2025-07-09,Total Monitored Articles,153602
2025-07-10,Article Count,0
2025-07-10,Total Monitored Articles,179256
2025-07-11,Article Count,0
2025-07-11,Total Monitored Articles,192489
2025-07-12,Article Count,16
2025-07-12,Total Monitored Articles,134530
2025-07-13,Article Count,39
2025-07-13,Total Monitored Articles,111148
2025-07-14,Article Count,0
2025-07-14,Total Monitored Articles,151275
2025-07-15,Article Count,3
2025-07-15,Total Monitored Articles,197512
2025-07-16,Article Count,2
2025-07-16,Total Monitored Articles,179820
2025-07-17,Article Count,0
2025-07-17,Total Monitored Articles,172175
2025-07-18,Article Count,0
2025-07-18,Total Monitored Articles,192508
2025-07-19,Article Count,0
2025-07-19,Total Monitored Articles,139422
2025-07-20,Article Count,0
2025-07-20,Total Monitored Articles,112395
2025-07-21,Article Count,0
2025-07-21,Total Monitored Articles,150488
2025-07-22,Article Count,1
2025-07-22,Total Monitored Articles,219541
2025-07-23,Article Count,1
2025-07-23,Total Monitored Articles,186053
2025-07-24,Article Count,2
2025-07-24,Total Monitored Articles,147475
2025-07-25,Article Count,1
2025-07-25,Total Monitored Articles,173393
2025-07-26,Article Count,1
2025-07-26,Total Monitored Articles,125044
2025-07-27,Article Count,0
2025-07-27,Total Monitored Articles,135259
2025-07-28,Article Count,0
2025-07-28,Total Monitored Articles,217959
2025-07-29,Article Count,0
2025-07-29,Total Monitored Articles,195061
2025-07-30,Article Count,0
2025-07-30,Total Monitored Articles,207214
2025-07-31,Article Count,0
2025-07-31,Total Monitored Articles,181361
2025-08-01,Article Count,0
2025-08-01,Total Monitored Articles,158170
2025-08-02,Article Count,0
2025-08-02,Total Monitored Articles,131822
2025-08-03,Article Count,1
2025-08-03,Total Monitored Articles,154538
2025-08-04,Article Count,0
2025-08-04,Total Monitored Articles,149148
2025-08-05,Article Count,0
2025-08-05,Total Monitored Articles,210338
2025-08-06,Article Count,0
2025-08-06,Total Monitored Articles,170488
2025-08-07,Article Count,0
2025-08-07,Total Monitored Articles,188475
2025-08-08,Article Count,1
2025-08-08,Total Monitored Articles,168040
2025-08-09,Article Count,1
2025-08-09,Total Monitored Articles,146005
2025-08-10,Article Count,2
2025-08-10,Total Monitored Articles,110689
2025-08-11,Article Count,1
2025-08-11,Total Monitored Articles,151520
2025-08-12,Article Count,0
2025-08-12,Total Monitored Articles,184151
2025-08-13,Article Count,1
2025-08-13,Total Monitored Articles,203624
2025-08-14,Article Count,0
2025-08-14,Total Monitored Articles,183903
2025-08-15,Article Count,0
2025-08-15,Total Monitored Articles,204862
2025-08-16,Article Count,0
2025-08-16,Total Monitored Articles,143981
2025-08-17,Article Count,2
2025-08-17,Total Monitored Articles,128327
2025-08-18,Article Count,1
2025-08-18,Total Monitored Articles,165427
2025-08-19,Article Count,0
2025-08-19,Total Monitored Articles,174623
2025-08-20,Article Count,0
2025-08-20,Total Monitored Articles,176652
2025-08-21,Article Count,0
2025-08-21,Total Monitored Articles,180322
2025-08-22,Article Count,1
2025-08-22,Total Monitored Articles,182051
2025-08-23,Article Count,0
2025-08-23,Total Monitored Articles,117052
2025-08-24,Article Count,0
2025-08-24,Total Monitored Articles,132230
2025-08-25,Article Count,2
2025-08-25,Total Monitored Articles,144338
2025-08-26,Article Count,0
2025-08-26,Total Monitored Articles,184199
2025-08-27,Article Count,0
2025-08-27,Total Monitored Articles,218753
2025-08-28,Article Count,0
2025-08-28,Total Monitored Articles,178525
2025-08-29,Article Count,4
2025-08-29,Total Monitored Articles,187618
2025-08-30,Article Count,0
2025-08-30,Total Monitored Articles,135483
2025-08-31,Article Count,0
2025-08-31,Total Monitored Articles,105263
2025-09-01,Article Count,46
2025-09-01,Total Monitored Articles,117273
2025-09-02,Article Count,0
2025-09-02,Total Monitored Articles,151577
2025-09-03,Article Count,0
2025-09-03,Total Monitored Articles,127947
2025-09-04,Article Count,0
2025-09-04,Total Monitored Articles,190882
2025-09-05,Article Count,0
2025-09-05,Total Monitored Articles,192400
2025-09-06,Article Count,2
2025-09-06,Total Monitored Articles,155749
2025-09-07,Article Count,2
2025-09-07,Total Monitored Articles,115827
2025-09-08,Article Count,0
2025-09-08,Total Monitored Articles,181958
2025-09-09,Article Count,0
2025-09-09,Total Monitored Articles,201360
2025-09-10,Article Count,0
2025-09-10,Total Monitored Articles,172778
2025-09-11,Article Count,0
2025-09-11,Total Monitored Articles,151643
2025-09-12,Article Count,1
2025-09-12,Total Monitored Articles,203527
2025-09-13,Article Count,0
2025-09-13,Total Monitored Articles,136481
2025-09-14,Article Count,0
2025-09-14,Total Monitored Articles,125364
2025-09-15,Article Count,0
2025-09-15,Total Monitored Articles,190920
2025-09-16,Article Count,0
2025-09-16,Total Monitored Articles,170731
2025-09-17,Article Count,0
2025-09-17,Total Monitored Articles,156675
2025-09-18,Article Count,0
2025-09-18,Total Monitored Articles,141354
2025-09-19,Article Count,0
2025-09-19,Total Monitored Articles,194001
2025-09-20,Article Count,0
2025-09-20,Total Monitored Articles,146366
2025-09-21,Article Count,0
2025-09-21,Total Monitored Articles,144592
2025-09-22,Article Count,0
2025-09-22,Total Monitored Articles,180695
2025-09-23,Article Count,0
2025-09-23,Total Monitored Articles,208467
2025-09-24,Article Count,0
2025-09-24,Total Monitored Articles,199136
2025-09-25,Article Count,0
2025-09-25,Total Monitored Articles,198782
2025-09-26,Article Count,0
2025-09-26,Total Monitored Articles,204867
2025-09-27,Article Count,0
2025-09-27,Total Monitored Articles,149454
2025-09-28,Article Count,0
2025-09-28,Total Monitored Articles,140840
2025-09-29,Article Count,1
2025-09-29,Total Monitored Articles,160416
2025-09-30,Article Count,0
2025-09-30,Total Monitored Articles,191942
2025-10-01,Article Count,0
2025-10-01,Total Monitored Articles,134203
2025-10-02,Article Count,0
2025-10-02,Total Monitored Articles,167839
2025-10-03,Article Count,0
2025-10-03,Total Monitored Articles,155129
2025-10-04,Article Count,0
2025-10-04,Total Monitored Articles,93026
2025-10-05,Article Count,0
2025-10-05,Total Monitored Articles,98637
2025-10-06,Article Count,0
2025-10-06,Total Monitored Articles,155385
2025-10-07,Article Count,0
2025-10-07,Total Monitored Articles,160658
2025-10-08,Article Count,0
2025-10-08,Total Monitored Articles,188586
2025-10-09,Article Count,0
2025-10-09,Total Monitored Articles,199353
2025-10-10,Article Count,0
2025-10-10,Total Monitored Articles,214290
2025-10-11,Article Count,3
2025-10-11,Total Monitored Articles,133634
2025-10-12,Article Count,0
2025-10-12,Total Monitored Articles,128616
2025-10-13,Article Count,0
2025-10-13,Total Monitored Articles,179288
2025-10-14,Article Count,11
2025-10-14,Total Monitored Articles,211408
2025-10-15,Article Count,1
2025-10-15,Total Monitored Articles,131390
2025-10-16,Article Count,0
2025-10-16,Total Monitored Articles,188672
2025-10-17,Article Count,17
2025-10-17,Total Monitored Articles,190877
2025-10-18,Article Count,9
2025-10-18,Total Monitored Articles,126870
2025-10-19,Article Count,1
2025-10-19,Total Monitored Articles,131424
2025-10-20,Article Count,0
2025-10-20,Total Monitored Articles,160448
2025-10-21,Article Count,2
2025-10-21,Total Monitored Articles,196008
2025-10-22,Article Count,0
2025-10-22,Total Monitored Articles,193794
2025-10-23,Article Count,0
2025-10-23,Total Monitored Articles,230154
2025-10-24,Article Count,0
2025-10-24,Total Monitored Articles,200385
2025-10-25,Article Count,1
2025-10-25,Total Monitored Articles,172045
2025-10-26,Article Count,0
2025-10-26,Total Monitored Articles,139916
2025-10-27,Article Count,0
2025-10-27,Total Monitored Articles,149363
2025-10-28,Article Count,0
2025-10-28,Total Monitored Articles,154965
2025-10-29,Article Count,0
2025-10-29,Total Monitored Articles,186021
2025-10-30,Article Count,0
2025-10-30,Total Monitored Articles,210826
2025-10-31,Article Count,0
2025-10-31,Total Monitored Articles,163618
2025-11-01,Article Count,1
2025-11-01,Total Monitored Articles,159705
2025-11-02,Article Count,0
2025-11-02,Total Monitored Articles,122152
2025-11-03,Article Count,0
2025-11-03,Total Monitored Articles,132496
2025-11-04,Article Count,0
2025-11-04,Total Monitored Articles,179876
2025-11-05,Article Count,0
2025-11-05,Total Monitored Articles,143915
2025-11-06,Article Count,0
2025-11-06,Total Monitored Articles,204945
2025-11-07,Article Count,0
2025-11-07,Total Monitored Articles,172637
2025-11-08,Article Count,0
2025-11-08,Total Monitored Articles,151320
2025-11-09,Article Count,0
2025-11-09,Total Monitored Articles,137748
2025-11-10,Article Count,0
2025-11-10,Total Monitored Articles,120645
2025-11-11,Article Count,0
2025-11-11,Total Monitored Articles,173808
2025-11-12,Article Count,0
2025-11-12,Total Monitored Articles,205919
2025-11-13,Article Count,0
2025-11-13,Total Monitored Articles,159637
2025-11-14,Article Count,0
2025-11-14,Total Monitored Articles,197157
2025-11-15,Article Count,1
2025-11-15,Total Monitored Articles,167820
2025-11-16,Article Count,0
2025-11-16,Total Monitored Articles,159044
2025-11-17,Article Count,0
2025-11-17,Total Monitored Articles,200469
2025-11-18,Article Count,0
2025-11-18,Total Monitored Articles,204958
2025-11-19,Article Count,0
2025-11-19,Total Monitored Articles,138388
2025-11-20,Article Count,0
2025-11-20,Total Monitored Articles,180180
2025-11-21,Article Count,0
2025-11-21,Total Monitored Articles,179273
2025-11-22,Article Count,0
2025-11-22,Total Monitored Articles,154324
2025-11-23,Article Count,0
2025-11-23,Total Monitored Articles,134268
2025-11-24,Article Count,0
2025-11-24,Total Monitored Articles,189397
2025-11-25,Article Count,0
2025-11-25,Total Monitored Articles,182677
2025-11-26,Article Count,1
2025-11-26,Total Monitored Articles,183381
2025-11-27,Article Count,0
2025-11-27,Total Monitored Articles,127071
2025-11-28,Article Count,1
2025-11-28,Total Monitored Articles,190322
2025-11-29,Article Count,0
2025-11-29,Total Monitored Articles,153375
2025-11-30,Article Count,2
2025-11-30,Total Monitored Articles,147416
2025-12-01,Article Count,0
2025-12-01,Total Monitored Articles,148794
2025-12-02,Article Count,1
2025-12-02,Total Monitored Articles,193417
2025-12-03,Article Count,0
2025-12-03,Total Monitored Articles,214441
2025-12-04,Article Count,0
2025-12-04,Total Monitored Articles,155292
2025-12-05,Article Count,0
2025-12-05,Total Monitored Articles,125203
2025-12-06,Article Count,0
2025-12-06,Total Monitored Articles,494
2025-12-07,Article Count,1
2025-12-07,Total Monitored Articles,140932
2025-12-08,Article Count,0
2025-12-08,Total Monitored Articles,181068
2025-12-09,Article Count,0
2025-12-09,Total Monitored Articles,159244
2025-12-10,Article Count,0
2025-12-10,Total Monitored Articles,200873
2025-12-11,Article Count,0
2025-12-11,Total Monitored Articles,155709
2025-12-12,Article Count,1
2025-12-12,Total Monitored Articles,187120
2025-12-13,Article Count,1
2025-12-13,Total Monitored Articles,135001
2025-12-14,Article Count,1
2025-12-14,Total Monitored Articles,123899
2025-12-15,Article Count,0
2025-12-15,Total Monitored Articles,182367
2025-12-16,Article Count,0
2025-12-16,Total Monitored Articles,198144
2025-12-17,Article Count,0
2025-12-17,Total Monitored Articles,228585
2025-12-18,Article Count,1
2025-12-18,Total Monitored Articles,215046
2025-12-19,Article Count,0
2025-12-19,Total Monitored Articles,200195
2025-12-20,Article Count,0
2025-12-20,Total Monitored Articles,134563
2025-12-21,Article Count,0
2025-12-21,Total Monitored Articles,148779
2025-12-22,Article Count,0
2025-12-22,Total Monitored Articles,160488
2025-12-23,Article Count,0
2025-12-23,Total Monitored Articles,219233
2025-12-24,Article Count,1
2025-12-24,Total Monitored Articles,187761
2025-12-25,Article Count,0
2025-12-25,Total Monitored Articles,140380
2025-12-26,Article Count,0
2025-12-26,Total Monitored Articles,159916
2025-12-27,Article Count,0
2025-12-27,Total Monitored Articles,137431
2025-12-28,Article Count,1
2025-12-28,Total Monitored Articles,131303
2025-12-29,Article Count,0
2025-12-29,Total Monitored Articles,176613
2025-12-30,Article Count,0
2025-12-30,Total Monitored Articles,154614
2025-12-31,Article Count,1
2025-12-31,Total Monitored Articles,177972
2026-01-01,Article Count,0
2026-01-01,Total Monitored Articles,138144
2026-01-02,Article Count,0
2026-01-02,Total Monitored Articles,164611
2026-01-03,Article Count,1
2026-01-03,Total Monitored Articles,125367
2026-01-04,Article Count,1
2026-01-04,Total Monitored Articles,126399
2026-01-05,Article Count,50
2026-01-05,Total Monitored Articles,180929
2026-01-06,Article Count,0
2026-01-06,Total Monitored Articles,137632
2026-01-07,Article Count,0
2026-01-07,Total Monitored Articles,178364
2026-01-08,Article Count,0
2026-01-08,Total Monitored Articles,187056
2026-01-09,Article Count,0
2026-01-09,Total Monitored Articles,178962
2026-01-10,Article Count,1
2026-01-10,Total Monitored Articles,162128
2026-01-11,Article Count,0
2026-01-11,Total Monitored Articles,123113
2026-01-12,Article Count,0
2026-01-12,Total Monitored Articles,155352
2026-01-13,Article Count,0
2026-01-13,Total Monitored Articles,214908
2026-01-14,Article Count,0
2026-01-14,Total Monitored Articles,192646
2026-01-15,Article Count,0
2026-01-15,Total Monitored Articles,191755
2026-01-16,Article Count,0
2026-01-16,Total Monitored Articles,154566
2026-01-17,Article Count,0
2026-01-17,Total Monitored Articles,110343
2026-01-18,Article Count,0
2026-01-18,Total Monitored Articles,102886
2026-01-19,Article Count,0
2026-01-19,Total Monitored Articles,122748
2026-01-20,Article Count,0
2026-01-20,Total Monitored Articles,175050
2026-01-21,Article Count,0
2026-01-21,Total Monitored Articles,164792
2026-01-22,Article Count,0
2026-01-22,Total Monitored Articles,171587
2026-01-23,Article Count,0
2026-01-23,Total Monitored Articles,112203
2026-01-24,Article Count,0
2026-01-24,Total Monitored Articles,131649
2026-01-25,Article Count,0
2026-01-25,Total Monitored Articles,106612
2026-01-26,Article Count,1
2026-01-26,Total Monitored Articles,165437
2026-01-27,Article Count,0
2026-01-27,Total Monitored Articles,127190
2026-01-28,Article Count,0
2026-01-28,Total Monitored Articles,155000
2026-01-29,Article Count,0
2026-01-29,Total Monitored Articles,154974
2026-01-30,Article Count,0
2026-01-30,Total Monitored Articles,135991
2026-01-31,Article Count,0
2026-01-31,Total Monitored Articles,133068
2026-02-01,Article Count,3
2026-02-01,Total Monitored Articles,112692
2026-02-02,Article Count,0
2026-02-02,Total Monitored Articles,132188
2026-02-03,Article Count,0
2026-02-03,Total Monitored Articles,121028
2026-02-04,Article Count,0
2026-02-04,Total Monitored Articles,44873
